Comission;Voters;Com_Ballots;Home_Ballots;Home_B_Box;Com_B_Box;Absentee;Invalid;Rodina;Kommunisty_Rossii;Pensionery;United_Russia;Zelenye;Civic_Platform;LDPR;PARNAS;Partiia_Rosta;Civic_Power;YABLOKO;KPRF;Patriots_of_Russia;A_Just_Russia
PEC ¹540;194;59;1;0;59;0;1;0;0.0508;0.0169;0.2542;0.0169;0;0.3898;0;0;0;0.0339;0.1695;0;0.0678
PEC ¹356;50;26;1;0;26;0;1;0;0.2692;0;0.2692;0;0;0.1923;0;0;0;0.1154;0.0385;0;0.1154
PEC ¹249;110;46;9;9;46;0;1;0.0364;0.0182;0.0364;0.3091;0;0;0.2727;0;0.0364;0;0;0.1273;0.0182;0.1273
PEC ¹124;51;16;28;28;16;0;1;0.0682;0.0227;0.0227;0.3409;0.0909;0.0227;0.1818;0.0227;0;0;0.0682;0.0227;0.0227;0.0909
PEC ¹258;49;21;5;5;21;0;1;0;0;0;0.3462;0;0;0.5385;0;0.0385;0;0;0.0385;0;0
PEC ¹123;46;42;4;4;42;0;1;0;0.0652;0.0217;0.3478;0.0217;0;0.087;0;0;0;0.1087;0.2391;0.0217;0.0652
PEC ¹426;150;61;6;6;61;0;1;0.0149;0.0299;0;0.3582;0;0;0.2836;0;0;0.0149;0;0.2239;0.0149;0.0597
PEC ¹485;110;36;3;3;36;0;1;0;0;0.0256;0.359;0.0256;0;0.3846;0.0513;0;0;0;0.0769;0;0.0513
PEC ¹480;175;51;22;22;51;0;1;0.0137;0;0;0.3699;0;0;0.3425;0;0.0274;0;0.0959;0.0685;0.0274;0.0548
PEC ¹437;241;71;18;18;71;0;1;0;0.0225;0;0.3933;0.0112;0.0112;0.2584;0;0.0225;0;0.0562;0.1011;0.0112;0.1124
PEC ¹255;93;33;5;5;33;0;1;0;0;0;0.3947;0;0;0.2632;0;0;0;0.0263;0.1842;0;0.1316
PEC ¹330;84;35;2;2;35;0;1;0.027;0;0.0811;0.4054;0;0;0.1892;0;0;0;0.0541;0.1622;0;0.0541
PEC ¹251;169;72;4;4;72;0;1;0.0132;0.0395;0.0132;0.4079;0;0;0.2237;0;0.0132;0;0.0132;0.1579;0.0132;0.1053
PEC ¹354;134;50;14;14;50;0;1;0.0156;0.0625;0.0156;0.4219;0;0.0156;0.125;0;0.0625;0.0313;0.0781;0.0625;0.0156;0.0781
PEC ¹303;558;227;19;19;227;0;1;0.0122;0.0569;0.0163;0.4268;0.0163;0.0122;0.1951;0;0.0041;0.0041;0.0285;0.1707;0;0.0569
PEC ¹477;199;84;1;0;84;0;1;0.0119;0.0476;0.0238;0.4286;0.0119;0;0.2143;0;0.0119;0.0119;0.0119;0.1071;0;0.1071
PEC ¹198;130;60;5;5;60;0;1;0;0.0154;0;0.4308;0.0154;0.0154;0.2154;0;0.0154;0;0.0923;0.1231;0;0.0769
PEC ¹253;228;82;3;3;82;0;1;0;0.0235;0.0235;0.4353;0;0;0.2353;0.0118;0;0;0;0.1176;0.0235;0.1176
PEC ¹169;1151;358;7;7;358;0;1;0.0055;0.0247;0.0274;0.4493;0.0055;0.0027;0.2164;0.0137;0.0082;0.0027;0.011;0.1233;0.0027;0.1041
PEC ¹539;119;29;3;3;29;0;1;0;0.0938;0.0313;0.4688;0;0;0.125;0.0313;0;0;0.0313;0.0938;0;0.0938
PEC ¹499;101;49;2;2;49;0;1;0;0.0588;0.0196;0.4706;0;0;0.2353;0;0.0392;0;0.0196;0.098;0;0.0588
PEC ¹308;254;130;10;10;130;0;1;0;0.0214;0;0.4857;0;0.0071;0.2429;0;0.0071;0;0;0.1714;0;0.0643
PEC ¹304;154;76;1;0;76;0;1;0;0.0395;0.0132;0.5;0;0;0.3158;0;0;0;0.0132;0.0921;0;0.0132
PEC ¹562;27;17;9;9;17;0;1;0;0;0;0.5;0.0385;0.0385;0.1154;0;0.0385;0;0.0385;0.1154;0;0.1154
PEC ¹495;88;26;20;20;26;0;1;0.0217;0;0.0435;0.5;0;0;0.1957;0;0;0;0.0435;0.1522;0;0.0435
PEC ¹386;278;95;6;6;95;0;1;0;0.0297;0.0099;0.505;0;0;0.1188;0.0099;0.0297;0.0198;0.0792;0.0792;0.0198;0.0891
PEC ¹411;198;49;4;4;49;0;1;0;0.0189;0.0943;0.5094;0;0;0.2075;0;0.0377;0;0;0.0755;0;0.0377
PEC ¹199;210;83;13;13;83;0;1;0;0;0.0625;0.5104;0;0;0.25;0;0;0.0104;0.0417;0.0625;0;0.0521
PEC ¹306;233;79;21;21;79;0;1;0.02;0.03;0;0.53;0;0.01;0.27;0;0;0;0;0.1;0;0.04
PEC ¹283;102;28;4;4;28;0;1;0.0625;0.0313;0;0.5313;0;0;0.125;0;0;0;0;0.125;0;0.0938
PEC ¹357;286;69;51;51;69;0;1;0;0;0.0083;0.5333;0.0167;0;0.175;0.025;0;0;0.0667;0.0917;0;0.0833
PEC ¹254;191;73;18;18;73;0;1;0;0;0.011;0.5385;0.011;0.011;0.2088;0;0;0;0;0.0659;0.033;0.1099
PEC ¹204;176;53;28;28;53;0;1;0.0123;0.0123;0.0123;0.5432;0.0123;0;0.3333;0;0;0;0.037;0.0247;0.0123;0
PEC ¹483;175;57;5;5;57;0;1;0.0323;0.0161;0;0.5484;0;0;0.1452;0;0;0;0;0.1452;0.0161;0.0968
PEC ¹125;42;37;3;3;37;0;1;0;0;0.025;0.55;0.025;0.025;0.125;0;0.025;0;0.075;0.075;0.025;0.05
PEC ¹408;191;90;10;10;90;0;1;0;0.01;0;0.57;0;0;0.25;0;0;0.01;0;0.11;0.01;0.03
PEC ¹434;113;39;10;10;39;0;1;0.0204;0.0204;0;0.5714;0;0;0.0816;0;0;0;0.0408;0.0816;0;0.1837
PEC ¹335;136;66;9;9;66;0;1;0.0133;0.0133;0.0267;0.5733;0.0133;0.0133;0.1333;0.0133;0;0;0.0533;0.12;0;0.0267
PEC ¹503;162;61;3;3;61;0;1;0;0.0313;0.0313;0.5781;0;0;0.1406;0;0;0;0.0313;0.0938;0;0.0938
PEC ¹326;209;72;9;9;72;0;1;0.0123;0;0.0123;0.5802;0;0;0.1481;0;0;0.0123;0;0.1111;0;0.1235
PEC ¹448;218;61;34;34;61;0;1;0;0.0211;0;0.6;0;0;0.1368;0;0;0;0.0211;0.1579;0;0.0632
PEC ¹402;109;51;8;8;51;0;1;0.0339;0.0339;0;0.6102;0;0;0.1356;0.0169;0;0;0.0169;0.0678;0;0.0847
PEC ¹446;118;39;14;14;39;0;1;0;0.0377;0;0.6226;0.0377;0;0.1321;0;0;0;0.0377;0.0755;0;0.0566
PEC ¹313;117;46;9;9;46;0;1;0.0182;0;0;0.6364;0;0;0.1818;0;0;0;0;0.1091;0;0.0364
PEC ¹443;213;48;8;18;48;-10;1;0;0.0152;0.0303;0.6515;0;0;0.1364;0.0152;0;0;0;0.1061;0;0.0303
PEC ¹543;138;50;14;14;50;0;1;0.0156;0;0.0625;0.6719;0;0;0.1719;0;0.0156;0;0.0156;0.0313;0;0.0156
PEC ¹509;120;46;20;20;46;0;1;0;0;0.0152;0.6818;0;0;0.0455;0.0152;0;0;0.0303;0.1364;0;0.0606
PEC ¹193;117;71;1;0;71;0;1;0.0282;0;0;0.6901;0;0;0.1972;0;0;0;0.0141;0.0563;0;0.0141
PEC ¹145;258;51;20;20;51;0;2;0.0282;0;0.0141;0.338;0.0141;0;0.2113;0;0;0;0.0141;0.0845;0;0.2676
PEC ¹544;329;79;38;38;79;0;2;0.0085;0.0256;0.0513;0.359;0.0171;0;0.2222;0.0171;0.0085;0;0.0769;0.1282;0.0085;0.0598
PEC ¹372;135;33;3;3;33;0;2;0;0;0;0.3611;0;0;0.1944;0;0.0278;0;0.0556;0.2222;0;0.0833
PEC ¹415;147;48;4;4;48;0;2;0.0192;0;0.0385;0.3654;0.0192;0;0.2308;0;0;0;0.0385;0.2308;0;0.0192
PEC ¹497;247;84;3;3;84;0;2;0.023;0.0575;0;0.3678;0.0115;0;0.2299;0;0;0;0.046;0.2069;0;0.0345
PEC ¹148;511;151;23;23;151;0;2;0.0057;0.0057;0.0172;0.3908;0;0;0.1494;0.0115;0.023;0;0.0057;0.0345;0.0057;0.3391
PEC ¹360;335;86;27;27;86;0;2;0;0.0619;0.0442;0.4159;0;0;0.1239;0.0088;0;0;0.115;0.115;0;0.0973
PEC ¹409;170;68;3;3;68;0;2;0;0.0141;0;0.4366;0;0;0.3521;0;0;0;0;0.1268;0.0282;0.0141
PEC ¹259;141;64;4;4;64;0;2;0.0441;0;0.0441;0.4412;0.0147;0.0147;0.1176;0;0.0147;0;0.0441;0.0882;0;0.1471
PEC ¹405;163;73;4;4;73;0;2;0;0.026;0.013;0.4416;0.013;0;0.3766;0;0;0;0;0.0649;0.013;0.026
PEC ¹260;82;35;9;9;35;0;2;0;0;0.0455;0.4545;0;0;0.1136;0;0;0;0.0227;0.0455;0;0.2727
PEC ¹475;87;28;1;0;28;0;2;0;0.0357;0.0357;0.4643;0;0.0357;0.2857;0;0;0;0.0714;0;0;0
PEC ¹429;330;100;13;13;100;0;2;0.0177;0.0265;0.0442;0.469;0.0088;0;0.1062;0;0.0177;0;0;0.1504;0;0.1416
PEC ¹219;355;165;12;31;165;-19;2;0.0204;0.0255;0.051;0.4694;0.0051;0.0051;0.2245;0;0.0051;0;0.0306;0.0663;0.0051;0.0816
PEC ¹281;305;102;23;28;102;-5;2;0;0.0385;0.0538;0.4769;0;0;0.1923;0;0.0308;0;0.0231;0.1462;0.0077;0.0154
PEC ¹310;136;41;13;13;41;0;2;0;0;0.0556;0.4815;0;0;0.2778;0;0.0185;0;0.037;0.0556;0;0.037
PEC ¹478;206;49;15;40;49;-25;2;0.0112;0.0225;0.0112;0.4831;0;0;0.2472;0;0;0;0.0337;0.1348;0;0.0337
PEC ¹504;149;46;7;7;46;0;2;0;0.0189;0;0.4906;0;0;0.2453;0;0;0;0.1132;0.0566;0;0.0377
PEC ¹381;194;58;16;16;58;0;2;0.0135;0.0135;0.0135;0.527;0;0.027;0.1892;0;0.0135;0;0.0135;0.0811;0;0.0811
PEC ¹473;385;72;16;16;72;0;2;0.0114;0.0227;0.0114;0.5341;0;0;0.2159;0.0227;0.0114;0;0.0341;0.0568;0;0.0568
PEC ¹438;381;154;16;16;153;1;2;0.0059;0.0355;0.0473;0.5444;0;0.0059;0.1716;0;0.0059;0;0.0178;0.0828;0.0118;0.0592
PEC ¹541;619;101;72;72;101;0;2;0.0116;0.0231;0.0231;0.5607;0.0173;0.0116;0.2254;0.0058;0.0116;0;0.0173;0.0578;0.0058;0.0173
PEC ¹151;275;128;2;2;128;0;2;0.0231;0.0231;0;0.5692;0.0385;0;0.1462;0.0154;0.0077;0;0.0462;0.0615;0.0231;0.0308
PEC ¹171;130;19;48;48;19;0;2;0;0.0597;0;0.5821;0.0149;0;0.1194;0;0;0;0.0597;0.0746;0;0.0597
PEC ¹401;108;30;9;9;30;0;2;0;0.0256;0.0769;0.5897;0;0;0.2051;0;0;0;0;0.0513;0;0
PEC ¹334;643;261;17;17;261;0;2;0.0144;0.0252;0.0432;0.6151;0.0072;0;0.1079;0;0.0396;0;0.0216;0.0647;0.0108;0.0432
PEC ¹440;77;37;4;4;37;0;2;0;0.0244;0.0244;0.6341;0.0244;0;0.1707;0;0;0;0;0.0732;0;0
PEC ¹427;463;122;12;12;122;0;2;0.0075;0.0075;0.0075;0.6716;0;0;0.1418;0;0;0;0.0224;0.1045;0;0.0224
PEC ¹398;100;53;1;1;53;0;3;0.0185;0.0185;0.0185;0.3519;0;0.0185;0.3333;0.0185;0;0;0.0185;0.0556;0.0185;0.0741
PEC ¹263;139;60;2;2;60;0;3;0;0;0;0.3548;0;0;0.1613;0;0.0161;0;0;0.129;0;0.2903
PEC ¹385;150;58;2;2;58;0;3;0;0.0167;0.0167;0.3833;0;0;0.2667;0;0;0;0.0833;0.0667;0.0167;0.1
PEC ¹436;489;147;15;15;147;0;3;0;0.0679;0.0247;0.3951;0.0062;0.0062;0.2222;0;0;0;0.0247;0.1667;0;0.0679
PEC ¹218;307;144;18;18;144;0;3;0.0185;0.0062;0.0123;0.4074;0.0062;0.0062;0.284;0;0.0062;0;0.0247;0.0494;0;0.1605
PEC ¹425;152;47;2;2;47;0;3;0;0.0408;0;0.4082;0;0;0.1633;0.0204;0;0;0.0408;0.2041;0;0.0612
PEC ¹516;338;149;2;2;149;0;3;0.0066;0.0199;0.0265;0.4172;0;0;0.2384;0;0;0;0.0662;0.0861;0.0066;0.1126
PEC ¹400;331;117;12;12;117;0;3;0.0078;0.0465;0.0233;0.4419;0.0078;0;0.2481;0;0.0155;0;0.031;0.1085;0;0.0465
PEC ¹413;948;378;57;57;378;0;3;0.0322;0.023;0.023;0.4437;0.0023;0.0069;0.1701;0;0.0184;0.0046;0.0598;0.131;0.0069;0.0713
PEC ¹327;167;58;4;4;58;0;3;0.0484;0.0323;0.0484;0.4516;0;0;0.1935;0;0;0;0;0.1452;0;0.0323
PEC ¹358;447;139;23;23;139;0;3;0;0.0185;0.0926;0.4568;0;0;0.1358;0.0062;0;0;0.0988;0.0988;0.0062;0.0679
PEC ¹316;218;78;33;33;78;0;3;0;0.018;0.0631;0.4595;0;0;0.2162;0.027;0.009;0;0;0.1351;0;0.045
PEC ¹538;1061;260;29;29;260;0;3;0.0173;0.0484;0.0311;0.4602;0;0;0.2042;0.0035;0.0208;0;0.0173;0.0934;0.0069;0.0865
PEC ¹416;98;31;14;14;31;0;3;0;0.0444;0.0667;0.4889;0;0;0.1778;0;0.0222;0;0;0.1111;0;0.0222
PEC ¹481;311;103;9;36;103;-27;3;0;0.0432;0.0072;0.5036;0;0;0.2446;0;0;0.0072;0.0504;0.0935;0;0.0288
PEC ¹194;273;113;8;8;113;0;3;0.0083;0.0331;0.0331;0.5041;0.0083;0;0.1901;0;0.0248;0;0.0248;0.0826;0;0.0661
PEC ¹201;446;160;44;44;160;0;3;0.0049;0.0196;0.0196;0.5049;0.0049;0;0.2255;0.0049;0;0;0.0098;0.1176;0.0098;0.0637
PEC ¹138;613;160;1;0;160;0;3;0.0063;0.0188;0.0063;0.5063;0.0125;0;0.175;0.0188;0.0125;0;0.0125;0.0875;0;0.125
PEC ¹410;380;128;12;12;128;0;3;0.0214;0.0214;0.0357;0.5214;0.0071;0.0143;0.1714;0.0143;0;0;0.0214;0.0643;0.0143;0.0714
PEC ¹553;395;130;4;4;130;0;3;0;0.0224;0.0224;0.5224;0.0299;0;0.1716;0;0.0149;0;0.0373;0.0522;0.0075;0.097
PEC ¹197;372;94;49;49;94;0;3;0;0.007;0.014;0.5455;0.014;0;0.2517;0;0.007;0;0.028;0.0769;0.014;0.021
PEC ¹537;255;69;23;23;69;0;3;0;0.0217;0;0.5761;0;0.0217;0.1413;0.0109;0;0;0.0217;0.1304;0;0.0435
PEC ¹476;372;103;25;25;103;0;3;0.0078;0.0156;0;0.5781;0;0;0.1563;0;0;0;0.0156;0.1016;0;0.1016
PEC ¹328;160;50;1;0;50;0;3;0;0;0.04;0.7;0;0;0.08;0;0;0;0;0.04;0;0.08
PEC ¹69;1401;509;6;6;508;1;4;0.0428;0.0233;0.0233;0.2568;0.0097;0.0117;0.1479;0.0136;0.0409;0;0.1809;0.1381;0.0195;0.0837
PEC ¹184;707;185;15;15;185;0;4;0.02;0.02;0.04;0.355;0.015;0;0.22;0.01;0.005;0;0.05;0.15;0.015;0.08
PEC ¹345;317;94;2;2;94;0;4;0.0104;0.0208;0.0104;0.3646;0;0;0.2292;0.0313;0.0104;0;0.1042;0.0938;0;0.0833
PEC ¹324;555;223;20;20;223;0;4;0;0.0288;0.0617;0.3786;0;0.0041;0.284;0.0041;0.0165;0;0.0123;0.0905;0.0082;0.0947
PEC ¹246;606;200;5;5;200;0;4;0.0049;0.0244;0.0098;0.3854;0.0049;0;0.1756;0.0098;0.0244;0;0.0439;0.1073;0.0049;0.1854
PEC ¹147;781;206;18;18;206;0;4;0.0089;0.0179;0.0313;0.3929;0.0134;0;0.2098;0.0045;0.0045;0;0.0179;0.0893;0.0179;0.1741
PEC ¹414;190;73;7;7;73;0;4;0.05;0.05;0.0375;0.4375;0.025;0;0.0875;0.025;0;0;0;0.1125;0.025;0.1
PEC ¹307;733;217;41;41;217;0;4;0.0116;0.031;0.0233;0.438;0.0039;0.0155;0.2713;0.0039;0.0039;0.0039;0.0116;0.124;0.0039;0.0388
PEC ¹282;248;50;1;11;50;-11;4;0.0164;0.0328;0.0328;0.4426;0;0;0.0656;0.0164;0;0;0;0.2459;0;0.082
PEC ¹166;306;131;11;11;131;0;4;0.0141;0.0423;0.0211;0.4507;0.0211;0;0.1761;0.007;0;0;0.0211;0.1408;0;0.0775
PEC ¹349;247;102;11;11;102;0;4;0.0088;0.0177;0.0177;0.4513;0.0177;0;0.1858;0.0177;0.0088;0;0.0354;0.0619;0;0.1416
PEC ¹275;629;150;20;20;150;0;4;0.0059;0.0176;0.0176;0.4588;0.0059;0;0.2941;0.0059;0.0059;0;0.0118;0.0882;0.0176;0.0471
PEC ¹355;505;221;10;10;219;2;4;0.0175;0.0393;0.0262;0.4629;0.0131;0;0.1092;0.0044;0.0044;0;0.1397;0.0742;0.0044;0.0873
PEC ¹433;475;194;2;2;194;0;4;0.0204;0.0459;0.0357;0.4643;0;0;0.2296;0;0.0102;0.0051;0.0204;0.0612;0;0.0867
PEC ¹309;213;49;47;47;49;0;4;0.0104;0.0104;0.0417;0.4896;0;0;0.2292;0.0104;0;0;0.0104;0.1042;0;0.0521
PEC ¹192;468;172;13;13;172;0;4;0.0054;0.0324;0.0216;0.4919;0.0054;0.0054;0.2378;0;0.0054;0;0.0162;0.1027;0;0.0541
PEC ¹229;190;78;6;6;78;0;4;0;0.0238;0.0238;0.5;0;0;0.3214;0;0;0;0;0.0476;0.0119;0.0238
PEC ¹173;719;163;35;35;163;0;4;0.0101;0.0404;0.0253;0.5152;0.0051;0;0.101;0;0.0253;0;0.0253;0.1515;0.0051;0.0758
PEC ¹428;217;61;1;0;61;0;4;0;0.0164;0.0328;0.5246;0;0;0.1967;0;0.0164;0;0.0328;0.0328;0.0164;0.0656
PEC ¹203;411;121;33;33;121;0;4;0.0195;0.0325;0.0325;0.526;0;0;0.2078;0.0065;0.0065;0;0.026;0.0455;0;0.0714
PEC ¹280;305;116;11;11;116;0;4;0;0.0315;0.0236;0.5669;0.0079;0;0.1575;0;0;0;0;0.063;0.0157;0.1024
PEC ¹312;304;88;37;37;88;0;4;0.008;0.024;0.008;0.592;0;0;0.152;0.008;0;0;0;0.128;0.024;0.024
PEC ¹311;891;209;117;117;209;0;4;0.0153;0.0184;0.0399;0.592;0;0.0123;0.1166;0.0061;0.0215;0;0.0153;0.092;0.0031;0.0552
PEC ¹332;354;137;9;9;137;0;4;0.0137;0.0068;0.0411;0.5959;0.0068;0.0068;0.1781;0;0.0137;0;0.0137;0.0479;0;0.0479
PEC ¹517;477;134;20;20;134;0;5;0.0065;0.0325;0.0325;0.2727;0;0.0065;0.4026;0.0065;0.026;0.0065;0.0714;0.0519;0.0065;0.0455
PEC ¹469;235;62;1;0;62;0;5;0.0323;0.0161;0;0.2742;0;0;0.2581;0.0161;0;0.0323;0.0161;0.1452;0;0.129
PEC ¹122;142;86;39;39;86;0;5;0.024;0.04;0.032;0.312;0.032;0;0.24;0.016;0.008;0;0.032;0.088;0.032;0.104
PEC ¹163;478;219;2;2;219;0;5;0.0045;0.0407;0.0362;0.3484;0.0181;0;0.1946;0.0045;0;0;0.0136;0.1855;0;0.1312
PEC ¹298;1741;523;2;2;523;0;5;0.0057;0.0133;0.0229;0.36;0.0038;0;0.301;0.0095;0.019;0;0.0381;0.1086;0.0019;0.1067
PEC ¹373;1022;282;20;20;282;0;5;0.0132;0.0364;0.0265;0.3609;0.0166;0.0033;0.1755;0.0099;0.0033;0.0033;0.0695;0.1291;0;0.1358
PEC ¹244;376;150;16;16;150;0;5;0.0181;0.0241;0.0422;0.3675;0;0;0.1687;0.006;0.006;0;0.0783;0.1386;0;0.1205
PEC ¹389;615;213;29;29;213;0;5;0.0041;0.0248;0.0207;0.3719;0.0083;0;0.1983;0;0.0041;0;0.0248;0.1488;0.0041;0.1694
PEC ¹468;607;145;3;3;145;0;5;0.0135;0.0068;0.0068;0.3784;0.0068;0;0.25;0;0.0068;0;0.0878;0.0676;0.027;0.1149
PEC ¹508;390;157;18;18;157;0;5;0.0286;0.0629;0.0229;0.3829;0.0057;0.0057;0.1429;0;0;0;0.0286;0.2114;0.0057;0.0743
PEC ¹126;336;147;156;156;147;0;5;0.0099;0.0198;0.0396;0.396;0;0.0033;0.2178;0;0.0066;0;0.0594;0.1386;0.0033;0.0891
PEC ¹533;548;255;6;6;255;0;5;0.0038;0.0268;0.0153;0.4023;0.0115;0;0.2835;0;0.0077;0.0038;0.0115;0.1188;0.0038;0.092
PEC ¹262;341;134;1;0;134;0;5;0;0.0149;0.0224;0.4104;0;0.0075;0.2687;0;0;0.0075;0.0075;0.0224;0;0.2015
PEC ¹276;490;220;18;18;220;0;5;0.0168;0.021;0.0126;0.4202;0.0042;0;0.3908;0.0042;0;0.0042;0.0042;0.0756;0;0.0252
PEC ¹432;358;88;1;0;88;0;5;0;0.0341;0.0114;0.4432;0;0;0.1136;0;0;0;0.0795;0.1364;0;0.125
PEC ¹325;1007;277;23;23;277;0;5;0.0067;0.0367;0.0167;0.4433;0;0;0.26;0;0;0;0.02;0.1267;0.0033;0.07
PEC ¹146;264;91;25;25;91;0;5;0.0345;0.0172;0.0603;0.4483;0.0086;0;0.181;0;0.0086;0;0.0172;0.0259;0.0086;0.1466
PEC ¹195;204;95;6;6;95;0;5;0;0;0.0198;0.4554;0.0198;0.0099;0.2475;0;0;0;0.0396;0.0891;0;0.0693
PEC ¹496;279;101;3;3;101;0;5;0;0.0481;0;0.5;0;0;0.1346;0;0;0;0.0288;0.0673;0;0.1731
PEC ¹234;498;155;17;59;155;-42;5;0;0.0234;0.0093;0.5093;0.0047;0.0047;0.2897;0;0;0;0.0047;0.1028;0.0047;0.0234
PEC ¹227;207;62;2;2;62;0;6;0;0.0313;0.0156;0.3594;0.0156;0;0.2188;0;0;0;0.0469;0.0781;0.0313;0.1094
PEC ¹535;313;154;3;3;154;0;6;0.0127;0.0255;0.0318;0.3822;0.0382;0.0064;0.172;0.0064;0.0191;0;0.0637;0.0701;0;0.1338
PEC ¹252;583;233;8;8;233;0;6;0;0.0373;0.0207;0.39;0.0041;0;0.278;0;0.0124;0;0.0083;0.083;0.0041;0.1369
PEC ¹387;989;344;11;11;344;0;6;0.0141;0.0169;0.0197;0.4169;0;0.0056;0.2028;0.0085;0.0028;0;0.0479;0.1042;0;0.1437
PEC ¹374;531;183;21;21;183;0;6;0.0147;0.0147;0.0245;0.4265;0.0098;0.0049;0.152;0.0196;0.0098;0;0.0784;0.1029;0.0049;0.1078
PEC ¹217;466;193;21;21;192;1;6;0.0094;0.0235;0.0423;0.4554;0.0047;0;0.1737;0.0047;0.0188;0;0.0235;0.1221;0.0047;0.0892
PEC ¹362;411;187;6;6;187;0;6;0.0155;0.0052;0.0311;0.4663;0.0052;0;0.1813;0;0.0155;0;0.0777;0.0984;0;0.0725
PEC ¹551;1311;533;10;10;533;0;6;0.0166;0.0258;0.0295;0.4733;0.0092;0;0.1492;0.0018;0.0239;0.0055;0.0387;0.1455;0.0074;0.0626
PEC ¹284;356;158;14;14;158;0;6;0;0.0291;0.0349;0.4767;0.0116;0.0058;0.186;0;0;0;0.0233;0.1395;0;0.0581
PEC ¹233;305;110;8;8;110;0;6;0;0.0169;0;0.4915;0;0;0.2712;0;0;0;0;0.1102;0.0339;0.0254
PEC ¹359;857;289;57;57;289;0;6;0.0087;0.0173;0.0231;0.5376;0.0029;0.0029;0.1445;0.0029;0.0058;0;0.0462;0.0751;0.0058;0.1098
PEC ¹406;376;150;6;6;150;0;6;0.0192;0.0128;0.0192;0.5385;0;0.0064;0.1282;0;0.0064;0;0.0256;0.0897;0.0321;0.0833
PEC ¹430;574;211;10;10;211;0;6;0.009;0.0226;0.0181;0.5475;0.0136;0.0045;0.1674;0;0;0.0045;0.0226;0.1312;0.0045;0.0271
PEC ¹542;770;268;53;53;268;0;6;0.0031;0.0405;0.0125;0.5639;0.0031;0.0031;0.1838;0;0.0031;0.0031;0.0374;0.0841;0;0.0436
PEC ¹439;414;98;6;6;98;0;6;0.0096;0.0288;0.0096;0.5673;0;0.0096;0.1346;0.0096;0;0.0096;0.0288;0.0481;0.0096;0.0769
PEC ¹29;1414;609;3;3;608;1;7;0.0065;0.0229;0.0262;0.3044;0.0033;0.0131;0.1915;0.0082;0.0262;0.0033;0.1506;0.126;0.0033;0.1031
PEC ¹300;1682;497;10;10;497;0;7;0.0059;0.0375;0.0276;0.3728;0.0039;0.002;0.2505;0.002;0.0178;0;0.0276;0.1637;0.0039;0.071
PEC ¹279;503;153;7;7;153;0;7;0.0125;0.0438;0.0063;0.4125;0;0;0.1813;0.0063;0;0;0.025;0.2;0.0063;0.0625
PEC ¹412;176;57;26;26;57;0;7;0.012;0.0361;0.0602;0.4217;0.012;0;0.2289;0;0;0;0.0361;0.012;0;0.0964
PEC ¹301;476;114;22;22;114;0;7;0.0147;0.0221;0.0147;0.4412;0.0221;0;0.2279;0;0.0074;0;0.0221;0.1176;0;0.0588
PEC ¹479;458;201;28;28;201;0;7;0.0087;0.0262;0.0175;0.4541;0.0044;0;0.2751;0.0044;0.0044;0.0044;0.0218;0.0873;0.0044;0.0568
PEC ¹264;412;142;16;16;142;0;7;0.0253;0.038;0.0316;0.5;0.0063;0;0.1266;0;0;0;0;0.0506;0.0253;0.1519
PEC ¹501;1386;457;55;55;457;0;7;0.0059;0.0195;0.0254;0.5117;0.0039;0.002;0.2168;0.002;0.0098;0;0.0293;0.1133;0;0.0469
PEC ¹144;460;174;2;2;174;0;8;0.0114;0.0341;0.0341;0.25;0.0114;0;0.1705;0;0.0057;0;0.0227;0.1136;0.0114;0.2898
PEC ¹167;768;243;26;26;242;1;8;0;0.0336;0.0448;0.291;0.0112;0;0.2015;0.0112;0.0187;0.0075;0.0037;0.1866;0.0075;0.153
PEC ¹245;741;279;12;12;279;0;8;0.0172;0.0103;0.0275;0.3574;0.0034;0;0.1546;0.0069;0.0069;0;0.0447;0.1306;0.0034;0.2096
PEC ¹190;710;238;28;28;238;0;8;0.0113;0.0226;0.0414;0.3609;0.0038;0.0038;0.297;0.0038;0.0075;0;0.0489;0.1015;0.0038;0.0639
PEC ¹172;361;118;8;8;118;0;8;0.0238;0.0476;0.0317;0.3651;0;0.0079;0.1587;0.0079;0.0079;0;0.0159;0.119;0.0079;0.1429
PEC ¹133;1232;361;4;4;361;0;8;0.0192;0.0219;0.0164;0.3753;0.0027;0;0.1781;0.0082;0.0137;0;0.0356;0.1288;0.0055;0.1726
PEC ¹139;632;220;1;0;220;0;8;0.0045;0.0409;0.0409;0.3818;0.0091;0;0.2273;0.0091;0.0136;0;0.0091;0.1227;0.0045;0.1
PEC ¹143;1097;327;74;74;327;0;8;0.0199;0.0175;0.0199;0.3865;0.0025;0.005;0.1796;0.005;0.0125;0;0.0324;0.1097;0.0175;0.1721
PEC ¹456;959;225;9;9;225;0;8;0.0256;0.0385;0.0043;0.3974;0.0085;0.0043;0.2393;0.0085;0;0;0.0598;0.0812;0.0128;0.0855
PEC ¹350;234;98;10;10;98;0;8;0.0093;0.037;0.0278;0.4074;0;0.0093;0.1759;0;0.0278;0;0.0278;0.0463;0;0.1574
PEC ¹248;465;182;12;12;182;0;8;0.0103;0.0206;0.0103;0.4124;0.0052;0.0103;0.1959;0.0052;0.0103;0.0052;0.0515;0.0773;0;0.1443
PEC ¹510;629;200;23;23;200;0;8;0.0135;0.0448;0.0224;0.4126;0;0.009;0.1749;0;0.0045;0;0.0135;0.2377;0.009;0.0224
PEC ¹361;798;231;58;58;231;0;8;0.0138;0.0346;0.0277;0.4221;0.0035;0;0.1903;0;0.0069;0;0.1003;0.1176;0.0035;0.0519
PEC ¹142;528;234;6;6;234;0;8;0.0167;0.025;0.0083;0.4375;0.0042;0;0.1667;0.0083;0.0125;0;0.0208;0.0833;0;0.1833
PEC ¹318;566;217;27;27;217;0;8;0.0164;0.0287;0.0205;0.5123;0;0;0.1803;0;0;0.0041;0.0041;0.0943;0.0041;0.1025
PEC ¹482;163;67;10;10;67;0;8;0;0.0649;0.026;0.5325;0;0;0.0779;0;0.013;0;0.013;0.1299;0.013;0.026
PEC ¹353;402;204;39;39;204;0;8;0.0165;0.0082;0.0206;0.7325;0.0041;0.0123;0.0864;0.0082;0;0;0.0206;0.0412;0.0041;0.0123
PEC ¹257;217;107;3;3;107;0;9;0.0182;0.0091;0.0273;0.3364;0.0091;0;0.1364;0;0.0091;0.0091;0.0182;0.1364;0.0182;0.1909
PEC ¹444;970;260;10;10;260;0;9;0.0111;0.0333;0.0148;0.3593;0.0148;0;0.2074;0;0;0;0.0259;0.1926;0.0037;0.1037
PEC ¹140;1880;678;10;10;678;0;9;0.0174;0.0276;0.0233;0.3721;0.0044;0.0015;0.173;0.0203;0.0102;0;0.0102;0.1323;0.0044;0.1904
PEC ¹216;276;177;23;23;177;0;9;0;0.035;0.02;0.39;0.01;0;0.175;0;0.005;0.005;0.015;0.235;0.01;0.055
PEC ¹230;721;208;29;29;208;0;9;0.0127;0.0169;0.0211;0.3966;0.0042;0.0042;0.2447;0;0.0127;0;0.0253;0.1266;0.0253;0.0717
PEC ¹397;1189;491;31;31;490;1;9;0.0058;0.0077;0.025;0.4088;0.0019;0;0.1651;0.0077;0.025;0;0.0691;0.119;0.023;0.1248
PEC ¹305;375;82;53;53;82;0;9;0.0074;0.0296;0.037;0.437;0;0.0148;0.2444;0;0;0;0;0.0963;0;0.0667
PEC ¹388;930;380;19;19;380;0;9;0.0075;0.0276;0.0175;0.4411;0.0025;0;0.1228;0.005;0.0025;0;0.0175;0.1028;0.0025;0.2281
PEC ¹536;526;147;60;60;147;0;9;0.0145;0.0193;0.0145;0.4493;0.0097;0.0145;0.1739;0;0.0145;0;0.0628;0.1208;0.0048;0.058
PEC ¹231;1786;488;24;24;487;1;9;0.0117;0.0254;0.0196;0.4658;0.002;0;0.2681;0.002;0.0098;0;0.0196;0.1115;0.0098;0.0372
PEC ¹261;696;268;12;12;268;0;9;0.0036;0.0107;0.0179;0.4786;0.0107;0;0.1607;0.0071;0.0036;0;0.0214;0.0929;0.0036;0.1571
PEC ¹545;1182;445;32;32;445;0;9;0.0063;0.0147;0.0189;0.4885;0.0063;0;0.2369;0.0063;0.0168;0.0021;0.0419;0.0566;0.0063;0.0797
PEC ¹561;1448;585;2;2;585;0;9;0.0136;0.0187;0.0187;0.5468;0.0068;0.0017;0.1533;0.0085;0.0256;0;0.0307;0.1039;0.0034;0.0528
PEC ¹435;1170;323;42;42;323;0;10;0.0164;0.0329;0.0411;0.2658;0;0.0082;0.1726;0;0.0027;0;0.0247;0.2849;0.0082;0.1151
PEC ¹505;434;197;21;21;197;0;10;0.0046;0.0367;0.0275;0.3945;0.0092;0;0.1881;0.0321;0.0138;0;0.0046;0.1835;0.0046;0.055
PEC ¹222;421;187;3;3;187;0;10;0.0105;0.0421;0.0211;0.3947;0.0158;0;0.2158;0.0211;0.0368;0;0.0158;0.1;0.0211;0.0526
PEC ¹376;1040;291;12;12;291;0;10;0.0066;0.033;0.0297;0.3993;0.0033;0;0.2541;0.0033;0.0165;0.0066;0.0561;0.0759;0.0165;0.066
PEC ¹191;697;244;16;16;244;0;10;0.0077;0.0231;0.0231;0.45;0.0077;0.0038;0.1846;0.0077;0.0192;0;0.05;0.0615;0.0115;0.1115
PEC ¹384;1285;431;24;24;431;0;10;0.011;0.0264;0.0264;0.4549;0.0044;0.0022;0.1451;0.0088;0.0154;0;0.0659;0.1033;0.0044;0.1099
PEC ¹250;633;262;8;8;262;0;10;0.0037;0.0259;0.0296;0.463;0;0;0.1296;0;0.0222;0;0.0296;0.1037;0.0037;0.1519
PEC ¹323;1006;336;25;25;336;0;10;0.0139;0.0443;0.0332;0.4709;0.0028;0.0028;0.2188;0.0083;0.0055;0;0.0249;0.0776;0.0055;0.0637
PEC ¹474;618;211;14;14;211;0;10;0.0133;0.0133;0.0267;0.4711;0;0.0044;0.2311;0.0044;0.0089;0;0.04;0.08;0.0089;0.0533
PEC ¹235;438;201;17;17;201;0;10;0.0046;0.0183;0.0092;0.4771;0.0046;0.0046;0.2156;0.0092;0.0183;0;0.0183;0.0872;0.0046;0.0826
PEC ¹314;1004;283;203;203;283;0;10;0.0082;0.0206;0.0247;0.5226;0.0021;0.0021;0.1481;0.0041;0.0103;0;0.0165;0.1605;0.0041;0.0556
PEC ¹196;367;148;16;16;148;0;10;0;0.0061;0.0244;0.5366;0;0;0.2378;0;0;0;0.0122;0.0549;0.0061;0.061
PEC ¹66;1313;601;13;13;601;0;11;0.0195;0.0391;0.0342;0.2866;0.0212;0.0016;0.1059;0.0163;0.0358;0.0016;0.1368;0.1547;0.0212;0.1075
PEC ¹65;1203;601;58;58;600;1;11;0.0167;0.0228;0.035;0.2948;0.0152;0.0061;0.1246;0.0198;0.0274;0.0015;0.1383;0.1839;0.0274;0.0699
PEC ¹247;923;351;6;6;351;0;11;0.014;0.0252;0.0336;0.3417;0.0084;0.0028;0.2129;0.0056;0.014;0.0056;0.0364;0.1289;0.0056;0.1345
PEC ¹506;687;218;41;41;218;0;11;0;0.0579;0.0386;0.3514;0;0;0.139;0.0077;0.0039;0;0.0232;0.251;0;0.0849
PEC ¹447;617;165;21;21;165;0;11;0.0108;0.043;0.0215;0.4032;0;0.0054;0.1667;0.0054;0.0054;0.0108;0.0161;0.2097;0;0.043
PEC ¹507;528;169;3;3;169;0;11;0.0174;0.0465;0.0174;0.4302;0;0;0.1919;0;0;0;0.0174;0.1337;0.0058;0.0756
PEC ¹380;1358;492;39;39;454;38;11;0.0142;0.0122;0.0223;0.4341;0.002;0.002;0.1988;0.002;0.0041;0;0.1055;0.0974;0.0081;0.0751
PEC ¹329;1093;385;23;23;385;0;11;0.0221;0.0392;0.0319;0.4363;0.0025;0.0025;0.2279;0.0098;0.0025;0;0.0343;0.0931;0.0025;0.0686
PEC ¹214;263;130;17;17;130;0;11;0.0068;0.0408;0.0408;0.449;0;0;0.2585;0;0.0068;0;0.0136;0.0544;0;0.0544
PEC ¹502;1099;407;28;28;407;0;11;0.0115;0.0161;0.0115;0.4506;0;0.0023;0.2253;0;0.0115;0.0046;0.0345;0.1264;0.0046;0.0759
PEC ¹132;893;455;4;4;455;0;11;0.0131;0.0131;0.0218;0.451;0.0109;0.0022;0.1874;0.0044;0.0218;0.0022;0.024;0.0784;0.0044;0.1416
PEC ¹331;790;314;23;23;314;0;11;0.003;0.0267;0.0208;0.5875;0;0;0.184;0.0089;0.0059;0;0.0148;0.0712;0.003;0.0415
PEC ¹59;1459;577;13;13;573;4;12;0.0222;0.029;0.029;0.285;0.029;0.0017;0.1519;0.0102;0.0256;0;0.1348;0.1604;0.0051;0.0956
PEC ¹105;1668;679;4;4;678;1;12;0.0308;0.0205;0.0176;0.3021;0.0235;0.0015;0.129;0.0147;0.0381;0;0.1202;0.1525;0.0059;0.1261
PEC ¹97;1510;697;3;3;696;1;12;0.0186;0.0114;0.0186;0.3219;0.0114;0.0029;0.1388;0.01;0.0186;0.0014;0.1402;0.1402;0.0129;0.1359
PEC ¹292;2518;865;9;9;865;0;12;0.016;0.0229;0.0297;0.3593;0.0069;0.0011;0.2231;0.0092;0.0126;0.0011;0.0503;0.1556;0.0103;0.0881
PEC ¹527;1495;569;7;7;569;0;12;0.0139;0.0156;0.0156;0.3698;0.0087;0;0.2431;0.0174;0.0069;0.0017;0.0434;0.1007;0.0017;0.1406
PEC ¹188;1232;500;17;17;500;0;12;0.0193;0.0155;0.0271;0.4449;0.0135;0.0019;0.207;0.0077;0.0213;0;0.0387;0.087;0.0039;0.089
PEC ¹431;438;124;2;2;124;0;12;0.0079;0.0079;0.0397;0.4524;0.0079;0;0.1508;0;0;0;0.0238;0.119;0;0.0952
PEC ¹534;1649;507;76;76;507;0;12;0.0172;0.0377;0.024;0.458;0.0154;0.0051;0.1715;0.0154;0.0103;0;0.0446;0.1029;0.0154;0.0617
PEC ¹500;826;294;30;30;294;0;12;0.0123;0.0185;0.0123;0.5679;0.0031;0;0.1389;0;0.0031;0;0.0154;0.0926;0.0062;0.0926
PEC ¹498;1046;325;25;25;325;0;13;0.0171;0.0257;0.0286;0.3057;0;0;0.1971;0;0.0171;0;0.0257;0.2286;0.0114;0.1057
PEC ¹28;1505;644;5;5;644;0;13;0.0139;0.0262;0.0293;0.3159;0.0092;0;0.1525;0.0139;0.0262;0.0046;0.1572;0.1525;0.0062;0.0724
PEC ¹60;1880;804;11;11;803;1;13;0.0332;0.0381;0.0209;0.3231;0.0086;0.0012;0.1364;0.0147;0.0246;0.0012;0.129;0.1413;0.0123;0.0995
PEC ¹467;629;201;134;134;201;0;13;0.006;0.0179;0.0179;0.3313;0;0;0.3403;0.009;0.0209;0;0.0299;0.0716;0.0149;0.1015
PEC ¹352;1203;467;29;29;466;1;13;0.0141;0.0303;0.0384;0.3455;0.002;0.004;0.1798;0;0.0101;0;0.1091;0.101;0.004;0.1354
PEC ¹242;1302;453;12;12;453;0;13;0.0086;0.043;0.0258;0.3462;0.0043;0;0.1376;0.0129;0.0065;0.0043;0.0624;0.1075;0.0022;0.2108
PEC ¹40;1744;461;5;5;460;1;13;0.0151;0.028;0.0301;0.3763;0.0065;0.0043;0.1032;0.0129;0.0151;0;0.1333;0.1484;0.0108;0.0882
PEC ¹466;1235;431;13;13;431;0;13;0.0158;0.0225;0.036;0.3784;0.0023;0;0.1667;0.0068;0.0158;0;0.0608;0.0991;0.0045;0.1622
PEC ¹278;391;154;10;12;154;-2;13;0.012;0.0422;0.0301;0.3855;0.006;0.012;0.2048;0.006;0.006;0;0.0181;0.0843;0.0241;0.0904
PEC ¹170;738;219;18;18;219;0;13;0.0253;0.0295;0.0253;0.4051;0;0;0.1772;0.0042;0.0084;0;0.0127;0.1392;0.0042;0.1139
PEC ¹403;867;236;59;59;236;0;13;0.0203;0.0237;0.0271;0.4136;0.0169;0.0034;0.2169;0.0102;0.0169;0;0.0339;0.078;0.0136;0.0814
PEC ¹346;1186;415;19;19;414;1;13;0.0069;0.0185;0.0254;0.4527;0.0069;0;0.1501;0.0023;0.0162;0.0023;0.0947;0.1109;0.0023;0.0808
PEC ¹351;1034;397;11;11;397;0;13;0.0025;0.0147;0.027;0.4534;0.0074;0;0.152;0.0025;0.0074;0;0.0907;0.125;0.0049;0.0809
PEC ¹61;1084;369;29;29;369;0;14;0.0327;0.0251;0.0377;0.2864;0.0151;0.005;0.108;0.005;0.0276;0;0.1307;0.1633;0.0126;0.1156
PEC ¹528;1508;580;2;2;580;0;14;0.0052;0.0292;0.0275;0.2904;0.0052;0.0034;0.2835;0.0069;0.0223;0.0017;0.0447;0.1082;0.0172;0.1306
PEC ¹50;1561;583;12;12;582;1;14;0.0135;0.032;0.037;0.298;0.0135;0.0017;0.1397;0.0084;0.0269;0.0017;0.0976;0.1818;0.0118;0.1128
PEC ¹106;1686;686;4;4;685;1;14;0.0087;0.0189;0.0261;0.3106;0.0189;0;0.1553;0.0087;0.0334;0;0.119;0.1509;0.0261;0.103
PEC ¹49;1666;668;16;16;666;2;14;0.0191;0.0308;0.0176;0.3211;0.0147;0.0015;0.1628;0.0147;0.0293;0.0015;0.132;0.1349;0.0059;0.0938
PEC ¹46;1324;497;6;6;496;1;14;0.0139;0.0279;0.0179;0.3287;0.0159;0;0.1494;0.006;0.012;0;0.1494;0.1355;0.0139;0.1016
PEC ¹232;1016;342;1;1;342;0;14;0.0087;0.0321;0.0262;0.3294;0.0058;0.0029;0.2711;0.0058;0;0;0.0204;0.1283;0.0175;0.1108
PEC ¹113;1806;699;8;8;699;0;14;0.017;0.0283;0.0198;0.3494;0.0099;0.0028;0.2065;0.0085;0.024;0.0014;0.1075;0.099;0.0057;0.1004
PEC ¹135;2370;789;17;17;789;0;14;0.0124;0.0248;0.0223;0.3536;0.0087;0.0025;0.1514;0.0112;0.0136;0.0025;0.0509;0.1352;0.0136;0.1799
PEC ¹404;677;275;23;23;275;0;14;0.0034;0.0336;0.0201;0.3691;0.0067;0;0.2013;0.0034;0.0101;0.0067;0.0705;0.0906;0.0235;0.1141
PEC ¹80;2747;1132;11;11;1124;8;14;0.0176;0.0167;0.0123;0.3736;0.0194;0.0009;0.148;0.0141;0.0299;0.0009;0.1366;0.1128;0.0062;0.0987
PEC ¹530;1334;483;3;3;483;0;14;0.0021;0.0288;0.0288;0.3992;0.0041;0;0.2243;0.0082;0.0123;0;0.0391;0.0905;0;0.1337
PEC ¹299;2353;795;40;40;795;0;14;0.0156;0.0311;0.0204;0.4012;0.0108;0.0072;0.2024;0.0084;0.018;0.0024;0.0263;0.1485;0.0036;0.0874
PEC ¹363;943;327;28;28;326;1;14;0.0028;0.0395;0.0226;0.4068;0.0056;0.0028;0.1299;0.0056;0.0028;0.0028;0.0791;0.0763;0.0085;0.1751
PEC ¹315;1060;415;111;111;415;0;14;0.0095;0.0171;0.0171;0.4087;0.0057;0;0.3194;0.0019;0.0057;0.0019;0.0171;0.1027;0.0057;0.0608
PEC ¹457;1103;317;4;4;316;1;14;0;0.0344;0.0219;0.4313;0.0063;0.0031;0.1719;0.0031;0.0031;0.0063;0.0656;0.0906;0.0094;0.1094
PEC ¹168;1751;573;37;37;573;0;14;0.0098;0.0361;0.0262;0.4377;0.0066;0;0.1541;0.0131;0.0049;0;0.0164;0.1787;0.0066;0.0869
PEC ¹442;590;209;19;19;209;0;14;0.0044;0.0482;0.0351;0.4561;0.0088;0;0.1447;0.0044;0.0088;0;0.0088;0.1535;0.0044;0.0614
PEC ¹54;1395;573;5;5;571;2;15;0.0208;0.026;0.0382;0.2205;0.0156;0.0035;0.1441;0.0174;0.0417;0.0035;0.1302;0.1858;0.0087;0.1181
PEC ¹68;1541;669;15;15;655;14;15;0.0179;0.0328;0.0224;0.2925;0.0194;0.0045;0.1313;0.0179;0.0328;0;0.1209;0.2;0.009;0.0761
PEC ¹51;1313;429;8;8;429;0;15;0.0114;0.0366;0.0366;0.2975;0.0229;0.0092;0.1167;0.0046;0.032;0.0046;0.1098;0.151;0.016;0.1167
PEC ¹70;1266;622;8;8;622;0;15;0.0317;0.0175;0.0286;0.3079;0.0095;0.0048;0.0984;0.0206;0.0317;0.0016;0.1444;0.1571;0.0063;0.1159
PEC ¹95;1517;738;13;13;738;0;15;0.0186;0.0186;0.0186;0.3182;0.012;0.0053;0.1625;0.0027;0.012;0;0.1158;0.1718;0.0053;0.1185
PEC ¹9;2365;782;7;7;782;0;15;0.0368;0.0127;0.019;0.3194;0.0177;0.0089;0.166;0.0127;0.0177;0;0.1305;0.1204;0.0139;0.1052
PEC ¹79;1351;557;10;10;557;0;15;0.0123;0.0159;0.0141;0.3404;0.0159;0.0053;0.1358;0.0123;0.0317;0.0018;0.1411;0.1481;0.0088;0.0899
PEC ¹7;1870;574;4;4;571;3;15;0.0191;0.0191;0.0243;0.3496;0.0139;0.0035;0.1461;0.0104;0.04;0;0.0957;0.1217;0.0191;0.1113
PEC ¹518;1774;650;5;5;650;0;15;0.0046;0.0122;0.0168;0.3573;0.0092;0;0.255;0.0092;0.0183;0.0015;0.0534;0.1023;0.0031;0.1344
PEC ¹228;1496;446;3;3;446;0;15;0.0089;0.0401;0.0223;0.3742;0.0045;0.0022;0.2806;0;0.0089;0;0.0267;0.098;0.0134;0.0869
PEC ¹296;1560;694;7;7;685;9;15;0.0058;0.0246;0.0202;0.3974;0.0058;0.0029;0.2153;0.0043;0.0202;0;0.0462;0.1445;0.0029;0.0882
PEC ¹202;1311;437;66;66;437;0;15;0;0.0219;0.0278;0.3976;0.002;0;0.328;0;0.0099;0;0.0378;0.0855;0.006;0.0537
PEC ¹185;1984;549;15;15;549;0;15;0.0089;0.0284;0.0319;0.4202;0.016;0.0018;0.1933;0.0035;0.0106;0.0018;0.0638;0.1082;0.0071;0.078
PEC ¹295;1621;462;6;6;462;0;15;0.0064;0.0321;0.015;0.4209;0.0064;0.0043;0.2329;0.0192;0.0043;0;0.0256;0.1368;0.0021;0.062
PEC ¹256;847;283;35;35;283;0;15;0;0.0346;0.0314;0.4277;0.0063;0.0031;0.1667;0.0063;0.0094;0.0031;0.022;0.1006;0.0063;0.1352
PEC ¹348;941;421;20;20;421;0;15;0.0045;0.0136;0.0227;0.4286;0.0045;0.0068;0.195;0.0068;0.0227;0;0.0726;0.1202;0.0023;0.0658
PEC ¹150;2203;870;24;24;868;2;15;0.0135;0.0157;0.0157;0.5056;0.0067;0;0.204;0.0011;0.0112;0;0.0235;0.0661;0.0056;0.1143
PEC ¹83;1627;664;13;13;651;13;16;0.0136;0.0331;0.0226;0.2937;0.012;0.0105;0.1386;0.0075;0.0271;0;0.125;0.1943;0.0136;0.0843
PEC ¹62;1601;651;84;84;651;0;16;0.0136;0.0163;0.0286;0.2966;0.0122;0.0109;0.1347;0.0163;0.0395;0;0.1714;0.1755;0.0095;0.0531
PEC ¹120;1457;528;11;11;528;0;16;0.0167;0.0445;0.0204;0.3135;0.0148;0.0037;0.1447;0.0111;0.0204;0;0.1521;0.1373;0.0111;0.0798
PEC ¹112;1712;695;9;9;694;1;16;0.0213;0.0242;0.0256;0.3329;0.0099;0.0099;0.1494;0.0071;0.0256;0.0043;0.1024;0.1337;0.0199;0.111
PEC ¹297;1693;670;15;15;670;0;16;0.0073;0.0292;0.0219;0.3401;0.0058;0.0029;0.2467;0.0058;0.0102;0;0.038;0.1693;0.0073;0.092
PEC ¹383;902;307;22;22;307;0;16;0.0304;0.0091;0.0365;0.3526;0.0122;0.003;0.234;0.0122;0.0061;0.003;0.0517;0.1216;0.0091;0.0699
PEC ¹424;1929;762;10;10;761;1;16;0.0078;0.022;0.022;0.3606;0.0091;0.0026;0.1946;0.0078;0.0052;0;0.048;0.2049;0.0065;0.0882
PEC ¹472;1682;574;34;34;574;0;16;0.0313;0.0247;0.0263;0.3832;0.0099;0.0016;0.1842;0;0.0049;0;0.0905;0.148;0;0.0691
PEC ¹462;2416;903;4;4;903;0;16;0.0044;0.0298;0.0209;0.3837;0.0154;0;0.1786;0.0088;0.0088;0.0033;0.065;0.1378;0.0066;0.1191
PEC ¹277;1228;367;16;27;367;-11;16;0.0076;0.0305;0.0279;0.4467;0.0025;0.0025;0.1853;0;0.0051;0.0025;0.0127;0.1269;0.0076;0.1015
PEC ¹74;1358;534;9;9;532;2;17;0.0296;0.0185;0.0092;0.2717;0.0129;0.0055;0.1405;0.0129;0.024;0.0055;0.1405;0.1738;0.0148;0.1091
PEC ¹529;1109;512;3;3;512;0;17;0.0097;0.0233;0.0233;0.2835;0.0039;0;0.2408;0.0078;0.0097;0;0.0641;0.1417;0.0019;0.1573
PEC ¹27;1563;693;5;5;692;1;17;0.0258;0.0244;0.0215;0.3042;0.0129;0.0029;0.1693;0.0129;0.0187;0;0.1191;0.1679;0.0086;0.0875
PEC ¹58;1486;611;11;11;611;0;17;0.0289;0.0289;0.0241;0.3103;0.0129;0.0064;0.1383;0.0016;0.0177;0;0.1415;0.1592;0.0032;0.0997
PEC ¹87;1468;612;4;4;612;0;17;0.0114;0.0227;0.0244;0.3279;0.0146;0.0097;0.164;0.0065;0.0244;0.0016;0.112;0.1461;0.013;0.0942
PEC ¹531;1150;395;4;4;395;0;17;0.0175;0.0326;0.0226;0.3584;0.01;0.0025;0.2406;0;0.0075;0.0075;0.0326;0.1078;0.01;0.1078
PEC ¹378;1596;539;41;41;539;0;17;0.0069;0.0207;0.0259;0.369;0.0034;0.0034;0.2086;0;0.0276;0;0.05;0.1379;0.0293;0.0879
PEC ¹272;1565;580;9;9;580;0;17;0.0136;0.0289;0.0204;0.3769;0.0068;0.0017;0.1919;0.0051;0.0051;0;0.0272;0.2088;0.0051;0.0798
PEC ¹470;1689;669;1;1;669;0;17;0.0313;0.0299;0.0194;0.3985;0.0075;0;0.1716;0.0045;0.006;0;0.0896;0.1104;0.009;0.097
PEC ¹321;1436;567;20;20;567;0;17;0.0034;0.0324;0.0273;0.3986;0.0068;0.0034;0.1993;0.0034;0.0136;0.0017;0.0256;0.1601;0.0119;0.0835
PEC ¹241;1412;487;9;9;487;0;17;0.004;0.0302;0.0202;0.4133;0.0081;0;0.1492;0.004;0.0101;0.004;0.0464;0.129;0.004;0.1431
PEC ¹347;1812;627;25;25;627;0;17;0.0046;0.023;0.023;0.4187;0.0031;0.0077;0.181;0.0046;0.0107;0.0031;0.0936;0.1135;0.0046;0.0828
PEC ¹555;2526;917;8;8;916;1;17;0.0227;0.0173;0.0292;0.4892;0.0108;0;0.1591;0.0087;0.0271;0.0011;0.0216;0.1169;0.0054;0.0725
PEC ¹67;1258;514;18;18;513;1;18;0.0132;0.0358;0.0358;0.2542;0.0282;0.0038;0.1186;0.0113;0.0188;0;0.1356;0.226;0.0056;0.0791
PEC ¹532;1517;440;1;1;440;0;18;0.0091;0.0227;0.0295;0.263;0.0113;0;0.288;0.0113;0.0227;0;0.0567;0.1451;0.0023;0.0975
PEC ¹75;1223;478;5;5;477;1;18;0.0166;0.0332;0.0332;0.2801;0.0207;0.0062;0.1577;0.0145;0.0207;0;0.1369;0.1722;0.0083;0.0622
PEC ¹85;1633;712;11;11;712;0;18;0.0152;0.0235;0.0194;0.2835;0.0152;0.0041;0.1411;0.0111;0.0194;0;0.1715;0.1646;0.0041;0.1024
PEC ¹92;1451;696;6;6;694;2;18;0.0229;0.0229;0.0243;0.2929;0.0171;0.0014;0.1157;0.02;0.0414;0.0014;0.1357;0.1843;0.0086;0.0857
PEC ¹64;1554;747;12;12;747;0;18;0.0119;0.0237;0.025;0.2951;0.0145;0.0026;0.0975;0.025;0.0461;0.0013;0.1238;0.2003;0.0158;0.0935
PEC ¹226;774;228;3;3;228;0;18;0.0043;0.013;0.0043;0.3074;0.013;0;0.3074;0.0087;0;0;0.013;0.1255;0.0087;0.1169
PEC ¹119;1741;502;19;19;502;0;18;0.0192;0.0134;0.0134;0.3186;0.0038;0;0.1843;0.0173;0.0154;0;0.1631;0.1248;0.0096;0.0825
PEC ¹121;1032;352;114;114;352;0;18;0.0129;0.0258;0.0258;0.3734;0.0021;0;0.2189;0.0021;0.0064;0.0043;0.1116;0.0773;0.0086;0.0923
PEC ¹441;1427;494;23;23;494;0;18;0.0058;0.0329;0.0174;0.3772;0.0058;0.0116;0.2534;0.0058;0.0077;0.0019;0.0658;0.1122;0.0039;0.0638
PEC ¹371;1737;519;71;71;519;0;18;0.0068;0.0305;0.0237;0.4034;0.0034;0.0017;0.1814;0.0068;0.0051;0.0017;0.0864;0.1254;0.0119;0.0814
PEC ¹333;1863;590;26;26;590;0;18;0.013;0.0357;0.0146;0.4416;0.0097;0;0.2045;0.0032;0.0049;0;0.0357;0.1494;0.0049;0.0536
PEC ¹99;1093;508;8;8;500;8;19;0.0098;0.0256;0.0256;0.2638;0.0079;0.0039;0.1339;0.0059;0.0138;0.002;0.1142;0.1535;0.0098;0.1929
PEC ¹72;1313;434;15;15;434;0;19;0.0223;0.02;0.0178;0.2673;0.0067;0.0022;0.1826;0.0045;0.0245;0;0.1448;0.1826;0.0045;0.078
PEC ¹77;1663;671;4;4;671;0;19;0.0252;0.0222;0.0281;0.2948;0.0267;0.0059;0.1407;0.0163;0.0207;0.0015;0.1274;0.1452;0.0119;0.1052
PEC ¹86;2053;753;17;17;752;1;19;0.0299;0.0234;0.0078;0.3121;0.0247;0.0013;0.1365;0.0117;0.0286;0.0013;0.1014;0.2016;0.0091;0.0858
PEC ¹165;2226;746;28;28;746;0;19;0.0168;0.0401;0.022;0.3346;0.0103;0;0.1783;0.009;0.0103;0.0026;0.0491;0.1563;0.0039;0.1421
PEC ¹131;2213;829;4;4;829;0;19;0.0144;0.0132;0.0192;0.3577;0.0144;0;0.1525;0.012;0.0132;0;0.0468;0.12;0.0072;0.2065
PEC ¹458;2170;704;27;27;700;4;19;0.011;0.033;0.0303;0.3989;0.0069;0;0.205;0.0014;0.0151;0;0.0454;0.1142;0.0041;0.1087
PEC ¹552;2315;910;6;6;904;6;19;0.0286;0.0198;0.0275;0.4802;0.0077;0.0033;0.1626;0.0132;0.0198;0.0011;0.0319;0.1121;0.0077;0.0637
PEC ¹41;2237;891;6;6;891;0;20;0.0178;0.0368;0.0301;0.2754;0.0078;0.0011;0.1438;0.0089;0.0145;0;0.1695;0.136;0.0089;0.1271
PEC ¹89;1411;595;14;14;595;0;20;0.0197;0.0263;0.0164;0.3021;0.0164;0.0066;0.1445;0.0115;0.0181;0;0.1215;0.1823;0.0049;0.0969
PEC ¹55;1674;721;8;8;721;0;20;0.0178;0.037;0.0123;0.3114;0.0178;0.0027;0.1646;0.0055;0.0192;0.0014;0.118;0.1427;0.0041;0.118
PEC ¹18;1469;694;5;5;692;2;20;0.0273;0.0344;0.0258;0.3171;0.0143;0.0014;0.1449;0.0072;0.0201;0.0029;0.1119;0.1363;0.0172;0.1105
PEC ¹22;1736;676;1;1;673;3;20;0.0297;0.0282;0.0312;0.3234;0.0074;0.0089;0.135;0.0089;0.0312;0;0.1024;0.1543;0.0223;0.0875
PEC ¹93;1715;758;4;4;758;0;20;0.0144;0.0131;0.0184;0.3281;0.0184;0.0026;0.1759;0.0118;0.0197;0.0013;0.1129;0.1549;0.0079;0.0945
PEC ¹21;1921;785;3;3;783;2;20;0.0165;0.0331;0.0229;0.3346;0.0216;0.0013;0.1476;0.0127;0.0254;0.0013;0.1221;0.1514;0.0076;0.0763
PEC ¹23;1680;768;11;11;766;2;20;0.018;0.0142;0.0219;0.3475;0.0193;0.0013;0.1441;0.009;0.027;0.0026;0.1184;0.1454;0.0193;0.0862
PEC ¹91;200;105;26;26;105;0;20;0.0305;0.0229;0.0687;0.3588;0;0;0.1679;0;0;0;0.0153;0.0992;0;0.084
PEC ¹213;1519;567;62;62;567;0;20;0.0175;0.0095;0.0382;0.3768;0.0016;0.0048;0.2719;0.0079;0.0079;0.0016;0.035;0.1017;0.0032;0.0906
PEC ¹344;2201;859;22;22;858;1;20;0.0091;0.0261;0.0182;0.3989;0.0023;0.0023;0.1477;0.0023;0.0125;0.0045;0.1443;0.0852;0.0057;0.1182
PEC ¹471;1641;565;19;19;565;0;20;0.0086;0.0223;0.012;0.4144;0.0051;0.0017;0.1798;0.0051;0.0103;0;0.089;0.1524;0.0017;0.0634
PEC ¹200;1493;459;77;77;458;1;20;0.0056;0.0299;0.0299;0.4523;0.0056;0;0.2019;0.0019;0.0112;0.0019;0.0262;0.1234;0;0.0729
PEC ¹32;1487;640;8;8;639;1;21;0.0124;0.0309;0.0232;0.272;0.0124;0.0031;0.17;0.0124;0.0294;0.0015;0.1453;0.1437;0.0108;0.1005
PEC ¹76;1946;716;3;3;716;0;21;0.0209;0.0223;0.0139;0.274;0.0139;0.0028;0.1474;0.025;0.0236;0;0.1752;0.1405;0.0223;0.089
PEC ¹84;1582;637;2;2;635;2;21;0.0141;0.0188;0.0251;0.2826;0.0188;0.0078;0.1664;0.0126;0.0314;0.0016;0.1444;0.1272;0.0126;0.1036
PEC ¹101;1566;688;6;6;688;0;21;0.0086;0.0259;0.0216;0.2853;0.0043;0.0115;0.1513;0.0231;0.0216;0.0029;0.1167;0.1556;0.013;0.1282
PEC ¹42;1763;714;12;12;713;1;21;0.0221;0.029;0.0207;0.3007;0.0083;0.0055;0.1641;0.0083;0.0248;0;0.1283;0.1586;0.0069;0.0938
PEC ¹53;1551;631;1;0;631;0;21;0.0063;0.0269;0.0206;0.3027;0.0238;0.0032;0.1474;0.0158;0.0222;0.0032;0.1537;0.1363;0.0111;0.0935
PEC ¹115;1807;734;14;14;731;3;21;0.0094;0.0349;0.0201;0.3034;0.0134;0.004;0.1758;0.0094;0.0201;0;0.1154;0.1597;0.0094;0.0966
PEC ¹16;2246;877;14;14;872;5;21;0.026;0.0147;0.0248;0.3228;0.0203;0.009;0.1761;0.0135;0.026;0;0.1151;0.1354;0.0135;0.079
PEC ¹47;2144;849;9;9;848;1;21;0.0187;0.0257;0.0117;0.3337;0.0152;0.0047;0.1564;0.0105;0.0268;0;0.1715;0.1144;0.0058;0.0805
PEC ¹90;2349;1086;9;9;1085;1;21;0.021;0.0283;0.0247;0.3391;0.0119;0.0055;0.1463;0.0101;0.032;0.0027;0.0969;0.1709;0.0091;0.0823
PEC ¹187;1978;692;12;12;692;0;21;0.0227;0.0398;0.0369;0.348;0.0085;0.0043;0.1861;0.0043;0.0028;0;0.0497;0.1264;0.0128;0.1278
PEC ¹37;2346;1137;10;10;1136;1;21;0.0183;0.0236;0.0201;0.3604;0.0113;0.0017;0.1658;0.0087;0.0227;0.0044;0.1038;0.1431;0.0096;0.0881
PEC ¹343;2198;783;32;32;783;0;21;0.0025;0.0319;0.0233;0.3767;0.0061;0.0012;0.1497;0.0074;0.0147;0.0037;0.1853;0.0798;0.0012;0.0908
PEC ¹322;1515;528;11;11;528;0;21;0.0111;0.0315;0.0186;0.4063;0.0056;0.0037;0.2059;0.0019;0.0111;0.0019;0.0334;0.1187;0.0074;0.1039
PEC ¹57;1397;588;7;7;588;0;22;0.0151;0.0286;0.0134;0.2639;0.0185;0;0.1697;0.0101;0.0202;0;0.1092;0.1613;0.0303;0.1227
PEC ¹63;1606;742;52;52;742;0;22;0.0227;0.0302;0.029;0.2771;0.0227;0.0063;0.0957;0.0151;0.039;0.0013;0.1398;0.2091;0.005;0.0793
PEC ¹494;963;345;14;14;345;0;22;0.0084;0.0084;0.0139;0.3482;0.0111;0;0.1755;0.0084;0;0;0.0752;0.1393;0.0056;0.1448
PEC ¹174;2093;599;51;51;599;0;22;0.0154;0.0369;0.02;0.3908;0.0046;0.0046;0.1677;0.0015;0.0046;0;0.0323;0.1738;0.0062;0.1077
PEC ¹137;2164;863;25;25;863;0;22;0.0135;0.0191;0.0338;0.4167;0.009;0;0.1565;0.0079;0.0124;0.0011;0.0293;0.1002;0.0045;0.1712
PEC ¹71;1733;686;10;10;686;0;23;0.0216;0.0345;0.0144;0.2759;0.0101;0.0057;0.1609;0.0057;0.0287;0;0.1537;0.148;0.0057;0.102
PEC ¹73;1470;534;6;6;534;0;23;0.0074;0.0185;0.037;0.2926;0.0185;0.0056;0.15;0.0148;0.0407;0;0.1222;0.1648;0.0093;0.0759
PEC ¹94;1941;879;9;9;877;2;23;0.0147;0.0192;0.0248;0.298;0.0158;0.0023;0.1862;0.0158;0.0214;0;0.105;0.1648;0.009;0.0971
PEC ¹31;1315;554;5;5;552;2;23;0.0233;0.0144;0.0144;0.3034;0.009;0.0054;0.1777;0.009;0.0162;0;0.1257;0.1221;0.0072;0.1311
PEC ¹14;2173;967;9;9;965;2;23;0.0267;0.0267;0.0298;0.306;0.0103;0.0041;0.1458;0.0082;0.0462;0;0.115;0.1427;0.0103;0.1047
PEC ¹519;1621;618;6;6;618;0;23;0.0064;0.0353;0.0256;0.3109;0.008;0;0.2179;0.0128;0.0208;0.0016;0.0513;0.1154;0;0.1571
PEC ¹52;1408;564;9;9;564;0;23;0.0175;0.0262;0.0192;0.3194;0.0157;0.0087;0.1501;0.0157;0.0209;0.0017;0.1082;0.1431;0.007;0.1065
PEC ¹24;1705;752;2;2;752;0;23;0.0199;0.0146;0.0265;0.3276;0.0106;0.0027;0.1353;0.0172;0.0212;0;0.1459;0.122;0.008;0.118
PEC ¹526;1987;835;9;9;833;2;23;0.0083;0.0226;0.0297;0.3492;0.0036;0.0036;0.2055;0.0071;0.0178;0.0012;0.0428;0.1354;0.0048;0.1413
PEC ¹12;2939;1354;4;4;1341;13;23;0.0156;0.0186;0.0208;0.3576;0.0074;0.0052;0.1123;0.0074;0.0387;0.0022;0.1539;0.1435;0.0097;0.0899
PEC ¹38;1751;616;5;5;616;0;23;0.0177;0.0081;0.0177;0.3752;0.0145;0.0016;0.1771;0.0097;0.0145;0;0.0966;0.1208;0.0193;0.0902
PEC ¹396;2003;824;32;32;824;0;23;0.0117;0.014;0.0292;0.3808;0.0117;0.0035;0.1612;0.0058;0.0164;0.0012;0.0701;0.1145;0.0105;0.1425
PEC ¹382;1451;542;24;24;542;0;23;0.0053;0.03;0.0336;0.4046;0.0035;0;0.212;0.0141;0.023;0.0018;0.0424;0.1025;0.0088;0.0777
PEC ¹149;1018;397;25;25;397;0;23;0.0024;0.0142;0.0261;0.4313;0.0024;0.0047;0.2275;0.0118;0.0024;0;0.0095;0.09;0.0047;0.1185
PEC ¹560;2692;1049;5;5;1047;2;23;0.0162;0.0181;0.0171;0.4496;0.0067;0.0019;0.1977;0.0133;0.0162;0.001;0.0323;0.1131;0.0048;0.0903
PEC ¹8;1742;714;7;7;712;2;24;0.0139;0.0223;0.0236;0.3102;0.0097;0.0028;0.1655;0.0083;0.0264;0.0014;0.0876;0.1488;0.0111;0.1349
PEC ¹108;1606;775;17;17;774;1;24;0.0228;0.0228;0.0177;0.3211;0.0139;0.0038;0.1517;0.019;0.0101;0.0013;0.1138;0.1606;0.0126;0.0986
PEC ¹107;3071;883;15;15;881;2;24;0.0167;0.0257;0.0234;0.327;0.0134;0.0022;0.1708;0.0123;0.0301;0.0011;0.1563;0.1016;0.0156;0.077
PEC ¹136;2387;859;8;8;859;0;24;0.0219;0.0277;0.0208;0.3276;0.0058;0.0023;0.1661;0.0161;0.0265;0.0012;0.0427;0.1073;0.0023;0.2042
PEC ¹525;1452;507;4;4;507;0;24;0.0039;0.0294;0.0137;0.3366;0.0039;0.002;0.2368;0.0039;0;0.0039;0.0215;0.1585;0.0098;0.1292
PEC ¹81;1992;763;8;8;762;1;24;0.0312;0.0325;0.0351;0.3506;0.013;0.0052;0.1169;0.0091;0.0286;0;0.1273;0.1403;0.0104;0.0688
PEC ¹445;905;265;7;7;265;0;24;0.0037;0.0368;0.0074;0.3897;0;0.0074;0.1654;0;0.0037;0;0.011;0.2059;0.0074;0.0735
PEC ¹104;2561;936;8;8;933;3;25;0.0149;0.0244;0.0213;0.2965;0.0159;0.0032;0.1456;0.0074;0.0191;0;0.1328;0.1392;0.0468;0.1063
PEC ¹102;1596;733;16;16;721;12;25;0.0109;0.0176;0.0285;0.308;0.0204;0.0095;0.1303;0.0109;0.0299;0.0041;0.1262;0.1682;0.0081;0.0936
PEC ¹34;1762;821;3;3;806;15;25;0.0124;0.0148;0.0222;0.3523;0.0124;0;0.1632;0.0087;0.0297;0.0037;0.1199;0.1298;0.0074;0.0927
PEC ¹189;1448;450;6;6;450;0;25;0.011;0.0351;0.0263;0.3575;0.0044;0;0.1798;0.0066;0.0088;0;0.0482;0.1031;0.0066;0.1579
PEC ¹164;2153;770;17;17;767;3;25;0.0089;0.0332;0.014;0.3661;0.0089;0.0013;0.1378;0.0064;0;0.0026;0.037;0.1939;0.0038;0.1543
PEC ¹215;1603;528;98;98;528;0;25;0.0192;0.0335;0.0304;0.4233;0.0064;0.0032;0.1933;0.0064;0.0064;0.0016;0.0319;0.1182;0.0032;0.0831
PEC ¹554;2972;1195;13;13;1195;0;25;0.0083;0.0215;0.029;0.5207;0.0091;0.0017;0.168;0.0108;0.0132;0.0008;0.0306;0.1043;0.0083;0.053
PEC ¹48;1968;878;13;13;874;4;26;0.0169;0.0327;0.0113;0.2818;0.0147;0.0045;0.1229;0.0113;0.0316;0.0034;0.1533;0.1657;0.0135;0.1071
PEC ¹522;2634;976;48;48;976;0;26;0.0215;0.0166;0.0322;0.3076;0.0088;0.001;0.2422;0.0156;0.0137;0.001;0.0488;0.1289;0.0039;0.1328
PEC ¹302;1845;729;30;30;729;0;26;0.004;0.0316;0.0277;0.3123;0.0119;0.0026;0.249;0.0013;0.0053;0.0013;0.0329;0.1779;0.0053;0.1028
PEC ¹82;1673;644;6;6;644;0;26;0.0092;0.0292;0.0215;0.3246;0.0123;0.0015;0.1646;0.02;0.0262;0;0.1108;0.1554;0.0062;0.0785
PEC ¹117;1608;663;9;9;662;1;26;0.0089;0.0268;0.0164;0.3308;0.0179;0.0015;0.1639;0.0075;0.0209;0.0015;0.1207;0.149;0.0045;0.0909
PEC ¹243;1207;497;10;10;497;0;26;0.0138;0.0276;0.0256;0.3511;0;0.002;0.1223;0.0059;0.0197;0;0.0414;0.1538;0.002;0.1834
PEC ¹161;2793;1008;23;23;1008;0;26;0.0107;0.0359;0.0262;0.3928;0.0068;0.0019;0.129;0.0019;0.0116;0.001;0.0504;0.161;0.0068;0.1387
PEC ¹5;1491;550;7;7;550;0;26;0.0162;0.0269;0.0126;0.3932;0.0072;0;0.1688;0.009;0.018;0.0018;0.0808;0.1239;0.009;0.0862
PEC ¹2;1431;713;20;20;710;3;26;0.0178;0.0123;0.0137;0.5027;0.0055;0.0027;0.1315;0.0041;0.0137;0.0027;0.0973;0.0808;0.0123;0.0671
PEC ¹118;1644;638;5;5;638;0;27;0.0171;0.0264;0.0233;0.3017;0.0062;0.0062;0.1788;0.0109;0.0218;0;0.1089;0.1322;0.0187;0.1058
PEC ¹26;2522;1093;6;6;1092;1;27;0.0237;0.0346;0.0191;0.3097;0.0155;0.0009;0.1129;0.0109;0.0273;0.0027;0.163;0.143;0.0164;0.0956
PEC ¹17;1552;658;8;8;655;3;27;0.0241;0.0136;0.0211;0.3228;0.0211;0.0045;0.1629;0.0121;0.0241;0;0.1086;0.1131;0.0075;0.1237
PEC ¹43;1408;602;5;5;599;3;27;0.0099;0.0265;0.0199;0.3245;0.0149;0.0017;0.1573;0.0083;0.0099;0.0017;0.1242;0.1573;0.0149;0.0844
PEC ¹521;1921;749;8;8;749;0;27;0.0159;0.0159;0.0251;0.3289;0.0079;0.0053;0.2523;0.0079;0.0026;0;0.0291;0.1242;0.004;0.1453
PEC ¹39;1651;548;9;9;546;2;27;0.0054;0.0216;0.018;0.3351;0.018;0.0036;0.1423;0.0144;0.018;0.0036;0.1117;0.1315;0.0162;0.1117
PEC ¹524;2046;916;6;6;916;0;27;0.0119;0.0174;0.0163;0.3568;0.0087;0.0033;0.2755;0.0076;0.0217;0;0.0271;0.1117;0.0087;0.1041
PEC ¹520;1733;602;11;11;601;1;27;0.0114;0.0245;0.018;0.3938;0.0098;0.0033;0.2042;0.0065;0.0082;0.0016;0.0441;0.0931;0.0049;0.1324
PEC ¹399;2299;730;62;62;730;0;27;0.0152;0.0139;0.024;0.4116;0.0063;0.0051;0.2197;0.0051;0.0076;0;0.0568;0.0934;0.0088;0.0985
PEC ¹98;1614;719;7;7;717;2;28;0.0221;0.011;0.0207;0.297;0.0138;0.0041;0.1436;0.0152;0.0221;0.0014;0.1271;0.1809;0.0069;0.0953
PEC ¹110;1715;785;9;9;783;2;28;0.0202;0.0101;0.0189;0.3093;0.0076;0.0025;0.178;0.0076;0.0101;0.0013;0.1338;0.1111;0.0164;0.1376
PEC ¹20;1755;691;5;5;691;0;28;0.033;0.0187;0.0216;0.3103;0.0101;0.0014;0.1681;0.0072;0.0129;0;0.1063;0.1509;0.0144;0.1049
PEC ¹294;1649;686;6;6;686;0;28;0.0101;0.0246;0.013;0.341;0.0029;0.0043;0.2153;0.0029;0.0173;0.0043;0.0419;0.1705;0.0058;0.1055
PEC ¹342;2012;861;13;13;861;0;28;0.0069;0.0286;0.0229;0.3535;0.0057;0.0023;0.1281;0.0034;0.0172;0;0.1556;0.1236;0.0011;0.119
PEC ¹186;1441;565;13;13;563;2;28;0.0104;0.0313;0.0278;0.3576;0.0139;0.0017;0.1545;0.0104;0.0122;0.0035;0.0729;0.1146;0.0087;0.1319
PEC ¹273;1772;714;5;5;714;0;28;0.0097;0.0542;0.0348;0.363;0.007;0.0028;0.1683;0.0083;0.0111;0.0014;0.0195;0.1989;0.0111;0.0709
PEC ¹491;2072;663;51;51;663;0;28;0.0056;0.0224;0.0266;0.3641;0.0098;0;0.2241;0.0028;0.0056;0;0.0476;0.084;0.0028;0.1653
PEC ¹465;1736;570;3;3;570;0;28;0.0122;0.0192;0.0244;0.3997;0.007;0.0052;0.1553;0.0105;0.0175;0;0.0349;0.1257;0.0122;0.1274
PEC ¹556;2792;1330;2;2;1330;0;28;0.0248;0.0158;0.0248;0.4992;0.0068;0.0015;0.1584;0.012;0.0128;0;0.0225;0.1059;0.015;0.0796
PEC ¹15;2065;975;3;3;971;4;29;0.0287;0.0226;0.0226;0.2977;0.0164;0.0051;0.1581;0.0154;0.0246;0;0.1047;0.1294;0.0216;0.1232
PEC ¹103;1726;810;6;6;810;0;29;0.011;0.0208;0.0208;0.3088;0.0159;0.0086;0.1434;0.0147;0.0331;0.0025;0.1176;0.1507;0.0135;0.1029
PEC ¹45;2152;958;5;5;958;0;29;0.0135;0.0343;0.0197;0.352;0.0145;0.0031;0.1246;0.0083;0.0249;0;0.1184;0.1267;0.0145;0.1153
PEC ¹341;1970;762;20;20;762;0;29;0.0077;0.023;0.0179;0.3581;0.0013;0.0026;0.1662;0.0077;0.0064;0.0013;0.1995;0.0767;0.0064;0.0882
PEC ¹114;2724;970;8;8;968;2;29;0.0184;0.0225;0.0205;0.3617;0.0102;0.001;0.167;0.0082;0.0154;0;0.0943;0.1506;0.0205;0.0799
PEC ¹422;1762;769;7;7;769;0;29;0.0103;0.0335;0.0296;0.375;0.0116;0.0026;0.174;0.0064;0.0052;0.0013;0.0438;0.183;0.0064;0.0799
PEC ¹464;2261;784;11;11;783;1;29;0.0189;0.0277;0.0151;0.3804;0.0063;0.0013;0.1587;0.0038;0.0063;0;0.0529;0.1499;0.0038;0.1385
PEC ¹421;1888;703;18;18;703;0;29;0.0028;0.0305;0.0236;0.3994;0.0055;0.0014;0.1803;0.0083;0.0028;0.0014;0.0361;0.1526;0.0014;0.1137
PEC ¹484;1039;308;44;53;308;-9;29;0.0139;0;0;0.4044;0;0;0.2271;0;0;0;0.0305;0.1247;0.0028;0.1163
PEC ¹212;2004;832;79;79;831;1;29;0.0187;0.0231;0.0253;0.4044;0.0099;0;0.2297;0.0055;0.011;0.0011;0.044;0.1044;0.0077;0.0835
PEC ¹88;1550;729;12;12;727;2;30;0.0041;0.0379;0.0325;0.3153;0.0149;0.0027;0.1286;0.0162;0.0244;0.0014;0.1218;0.1583;0.0122;0.0893
PEC ¹109;1846;775;4;4;775;0;30;0.0103;0.027;0.0128;0.3427;0.0103;0.0013;0.1733;0.0077;0.0295;0;0.1399;0.0988;0.0128;0.095
PEC ¹162;2524;875;19;19;875;0;30;0.0134;0.0347;0.0391;0.3501;0.0011;0.0022;0.1499;0.0034;0.0112;0.0034;0.0447;0.1767;0.0056;0.1309
PEC ¹274;2694;930;35;35;930;0;30;0.0104;0.0415;0.0373;0.3606;0.0031;0.0031;0.2031;0.0031;0.0052;0.001;0.0373;0.1617;0.0031;0.0984
PEC ¹459;2206;656;27;27;656;0;30;0.0146;0.0249;0.0249;0.3851;0.0073;0.0015;0.2255;0.0029;0.0088;0;0.0747;0.0893;0.0059;0.0908
PEC ¹100;1654;736;11;11;736;0;31;0.0174;0.0214;0.0228;0.2932;0.0161;0.0054;0.1339;0.004;0.0254;0;0.1339;0.174;0.0067;0.1044
PEC ¹19;1873;856;4;4;856;0;31;0.0221;0.0233;0.0198;0.3314;0.014;0.007;0.1221;0.0105;0.0221;0;0.1174;0.1674;0.0209;0.086
PEC ¹224;1594;720;9;9;716;4;31;0.0179;0.0234;0.0386;0.3697;0.0028;0.0014;0.1931;0.0055;0.0028;0;0.0386;0.1186;0.0193;0.1255
PEC ¹141;2345;883;29;29;883;0;31;0.0044;0.0263;0.0143;0.3827;0.0055;0.0022;0.1875;0.0011;0.0022;0.0011;0.0307;0.0987;0.0011;0.2083
PEC ¹1;1265;518;16;16;518;0;31;0.0112;0.0225;0.0131;0.5655;0.0019;0.0019;0.1105;0.0094;0.0037;0;0.0543;0.0749;0.0094;0.0637
PEC ¹33;2757;1252;2;2;1249;3;32;0.0216;0.0208;0.0168;0.3054;0.016;0.0056;0.1399;0.0128;0.0288;0.0024;0.1599;0.1447;0.0104;0.0895
PEC ¹116;2434;945;6;6;944;1;32;0.0116;0.0147;0.0232;0.3347;0.0074;0.0021;0.1611;0.0116;0.0253;0.0021;0.1421;0.14;0.0084;0.0821
PEC ¹223;1422;606;19;19;605;1;32;0.0096;0.0224;0.024;0.3606;0.0128;0;0.1763;0.0016;0.0112;0.0016;0.0481;0.1266;0.0208;0.133
PEC ¹557;2661;1065;10;10;1045;20;32;0.0142;0.019;0.0209;0.4938;0.0095;0.0009;0.1507;0.0133;0.0199;0.0009;0.0265;0.1194;0.0085;0.072
PEC ¹4;2609;936;8;8;936;0;33;0.0085;0.0222;0.0222;0.3549;0.0064;0.0053;0.1663;0.0159;0.0159;0.0021;0.0911;0.1377;0.0233;0.0932
PEC ¹463;2400;887;16;16;886;1;33;0.0099;0.0288;0.0255;0.3559;0.0055;0.0011;0.1696;0.0067;0.0122;0;0.0721;0.1264;0.0078;0.1419
PEC ¹10;1846;583;6;6;583;0;33;0.017;0.0255;0.0136;0.3582;0.0102;0.0017;0.1783;0.0102;0.0136;0.0017;0.0934;0.1154;0.0153;0.0899
PEC ¹423;2391;743;40;40;743;0;33;0.0089;0.0332;0.014;0.3589;0.0038;0.0013;0.2299;0.0102;0.0064;0;0.0498;0.1584;0.0026;0.0805
PEC ¹134;2003;801;5;5;801;0;33;0.0174;0.0186;0.0186;0.3648;0.0037;0.0037;0.16;0.0062;0.0186;0;0.0261;0.1203;0.005;0.196
PEC ¹559;2675;1096;5;5;1094;2;33;0.0209;0.0255;0.0246;0.495;0.0118;0.0027;0.1774;0.01;0.02;0.0009;0.0282;0.0864;0.0027;0.0637
PEC ¹377;1992;777;7;7;777;0;34;0.0115;0.0434;0.0204;0.2997;0.0026;0.0013;0.2551;0.0038;0.0064;0.0013;0.0995;0.0944;0.0191;0.0982
PEC ¹225;1611;579;6;6;579;0;34;0.0137;0.0427;0.0308;0.3248;0.0017;0.0017;0.1966;0.0068;0.0103;0.0017;0.041;0.1504;0.0256;0.094
PEC ¹78;1299;526;4;4;526;0;34;0.0075;0.0226;0.0264;0.3434;0.0151;0.0057;0.1547;0.0094;0.0245;0;0.1566;0.0887;0.0038;0.0774
PEC ¹25;2137;902;3;3;901;1;35;0.0144;0.0343;0.0321;0.2821;0.0111;0.0033;0.1449;0.0099;0.031;0.0011;0.1493;0.1482;0.0044;0.0951
PEC ¹111;1447;591;11;11;591;0;35;0.0183;0.0233;0.0233;0.3223;0.0099;0.005;0.1844;0.005;0.0133;0;0.1096;0.1096;0.015;0.103
PEC ¹558;2717;998;17;17;996;2;35;0.0178;0.0197;0.0257;0.4482;0.0109;0.002;0.1856;0.0079;0.0168;0.002;0.0355;0.1106;0.0059;0.077
PEC ¹379;1708;975;1;1;972;3;35;0.0082;0.0154;0.0154;0.4738;0.0072;0.0031;0.2487;0.0082;0.0103;0.0031;0.0308;0.0832;0.0051;0.0514
PEC ¹56;1818;815;8;8;815;0;36;0.0219;0.0243;0.0194;0.2953;0.0194;0.0036;0.1397;0.0097;0.0255;0.0012;0.1677;0.1361;0.0109;0.0814
PEC ¹375;2455;762;39;39;762;0;36;0.015;0.0237;0.0199;0.3583;0.0037;0.0012;0.2247;0.0037;0.0225;0.0025;0.0911;0.1074;0.0087;0.0724
PEC ¹271;2407;949;28;28;949;0;37;0.0113;0.045;0.0225;0.4002;0.0082;0.002;0.1853;0.0031;0.0061;0.0031;0.0194;0.1484;0.0031;0.1044
PEC ¹317;1136;424;54;54;424;0;37;0.0251;0.0272;0.0377;0.4456;0.0084;0;0.1736;0.0021;0.0063;0.0021;0.023;0.1255;0.0063;0.0397
PEC ¹492;2146;843;17;17;843;0;38;0.0047;0.036;0.0256;0.343;0.0116;0.0035;0.1581;0.007;0.0081;0.0012;0.0581;0.1302;0.0081;0.1605
PEC ¹44;2262;937;2;2;933;4;38;0.016;0.0203;0.016;0.3679;0.0139;0;0.1348;0.0096;0.0257;0.0011;0.1091;0.1305;0.0096;0.1048
PEC ¹221;2043;916;20;20;914;2;38;0.0236;0.0257;0.0225;0.3758;0.0107;0.0032;0.1767;0.0032;0.0139;0.0011;0.0203;0.1456;0.0343;0.1028
PEC ¹11;2890;994;17;17;993;1;39;0.0119;0.0168;0.0307;0.3188;0.0139;0.004;0.1465;0.0119;0.0238;0.002;0.1109;0.1515;0.0168;0.102
PEC ¹30;1695;778;1;1;778;0;40;0.0218;0.0282;0.0244;0.303;0.009;0.0064;0.1374;0.0128;0.0501;0.0013;0.1412;0.1117;0.0167;0.0847
PEC ¹293;1664;579;86;86;579;0;40;0.018;0.1338;0.0165;0.3564;0.0075;0.0015;0.2135;0.006;0.015;0.003;0.0421;0.0271;0.0045;0.0947
PEC ¹13;2476;1084;6;6;1084;0;42;0.0193;0.0119;0.0119;0.3404;0.0073;0.0028;0.1385;0.0083;0.0183;0.0037;0.1303;0.1477;0.0239;0.0972
PEC ¹460;2734;1052;16;16;1052;0;43;0.0075;0.0206;0.0328;0.397;0.0028;0.0009;0.1676;0.0028;0.0197;0.0009;0.0468;0.132;0.0047;0.1236
PEC ¹96;2223;1063;18;18;1062;1;44;0.0157;0.0213;0.0167;0.2806;0.012;0.0037;0.1593;0.0083;0.0176;0.0056;0.1231;0.1815;0.0056;0.1083
PEC ¹6;2177;844;8;8;844;0;44;0.0094;0.0258;0.0141;0.4296;0.0117;0.007;0.162;0.0059;0.007;0;0.0692;0.1244;0.0106;0.0716
PEC ¹35;1899;818;39;39;818;0;44;0.0058;0.021;0.0163;0.4854;0.0093;0.0012;0.098;0.0093;0.014;0;0.0957;0.0875;0.0175;0.0875
PEC ¹407;2410;934;25;25;934;0;45;0.0146;0.0323;0.025;0.3347;0.0031;0.0021;0.2284;0.0031;0.0136;0.001;0.0813;0.1293;0.0094;0.0751
PEC ¹36;2047;903;56;56;899;4;46;0.0094;0.0199;0.0157;0.4534;0.0073;0;0.1539;0.0084;0.0115;0.0021;0.112;0.0827;0.0063;0.0691
PEC ¹461;2385;855;14;14;855;0;47;0.0069;0.0449;0.0219;0.3878;0.0081;0.0035;0.1496;0.0035;0.0104;0.0023;0.0506;0.13;0.0127;0.1139
PEC ¹493;2809;1190;21;21;1189;1;49;0.0083;0.024;0.0223;0.357;0.0058;0.005;0.1702;0.0066;0.0165;0.0017;0.0471;0.1405;0.0041;0.1504
PEC ¹3;2760;1371;14;14;1368;3;53;0.0116;0.0137;0.0188;0.5109;0.0159;0.0014;0.1035;0.0058;0.0152;0;0.0738;0.1035;0.0109;0.0767
PEC ¹523;2826;1140;3;3;1140;0;55;0.0079;0.0315;0.021;0.3036;0.0096;0.0052;0.2248;0.0131;0.0131;0.0026;0.0534;0.1242;0.007;0.1347
