"","cond","tokens"
"1","A",999
"2","A",983
"3","A",1004
"4","A",1030
"5","A",1085
"6","A",1034
"7","A",988
"8","A",1039
"9","A",998
"10","A",983
"11","A",1006
"12","A",996
"13","A",1012
"14","A",995
"15","A",988
"16","A",1019
"17","A",987
"18","A",1011
"19","A",1021
"20","A",1040
"21","A",996
"22","A",987
"23","A",995
"24","A",1017
"25","A",1005
"26","A",994
"27","A",944
"28","A",973
"29","A",1002
"30","A",950
"31","A",970
"32","A",1018
"33","A",991
"34","A",972
"35","A",985
"36","A",952
"37","A",1059
"38","A",1013
"39","A",1003
"40","A",1020
"41","A",1029
"42","A",944
"43","A",983
"44","A",1006
"45","A",1032
"46","A",976
"47","A",1011
"48","A",957
"49","A",1054
"50","A",1027
"51","A",968
"52","A",990
"53","A",1007
"54","A",1019
"55","A",984
"56","A",982
"57","A",1008
"58","A",993
"59","A",939
"60","A",989
"61","A",993
"62","A",989
"63","A",1003
"64","A",1030
"65","A",981
"66","A",993
"67","A",1002
"68","A",1050
"69","A",1026
"70","A",981
"71","A",1005
"72","A",971
"73","A",1002
"74","A",1001
"75","A",1026
"76","A",1014
"77","A",1026
"78","A",1030
"79","A",993
"80","A",1051
"81","A",1014
"82","A",1016
"83","A",1001
"84","A",968
"85","A",1017
"86","A",1034
"87","A",1015
"88","A",1008
"89","A",976
"90","A",1023
"91","A",1017
"92","A",1005
"93","A",1025
"94","A",1042
"95","A",1048
"96","A",1005
"97","A",960
"98","A",993
"99","A",1029
"100","A",989
"101","A",935
"102","A",1028
"103","A",987
"104","A",1014
"105","A",1030
"106","A",989
"107","A",1021
"108","A",1013
"109","A",1010
"110","A",984
"111","A",983
"112","A",981
"113","A",1021
"114","A",1007
"115","A",984
"116","A",1022
"117","A",1020
"118","A",1042
"119","A",1016
"120","A",997
"121","A",1033
"122","A",1031
"123","A",1054
"124","A",1053
"125","A",1040
"126","A",976
"127","A",961
"128","A",1005
"129","A",1009
"130","A",1019
"131","A",985
"132","A",947
"133","A",1046
"134","A",1042
"135","A",1016
"136","A",1027
"137","A",1007
"138","A",1020
"139","A",1019
"140","A",980
"141","A",1066
"142","A",1065
"143","A",988
"144","A",991
"145","A",1031
"146","A",988
"147","A",1004
"148","A",1002
"149","A",982
"150","A",980
"151","A",1031
"152","A",987
"153","A",967
"154","A",1033
"155","A",1012
"156","A",992
"157","A",969
"158","A",1041
"159","A",996
"160","A",952
"161","A",1007
"162","A",946
"163","A",1013
"164","A",990
"165","A",1009
"166","A",989
"167","A",965
"168","A",988
"169","A",1041
"170","A",985
"171","A",997
"172","A",952
"173","A",992
"174","A",997
"175","A",1025
"176","A",1032
"177","A",995
"178","A",972
"179","A",1032
"180","A",998
"181","A",1012
"182","A",980
"183","A",987
"184","A",1041
"185","A",1045
"186","A",1028
"187","A",1027
"188","A",1002
"189","A",1022
"190","A",970
"191","A",1017
"192","A",1037
"193","A",980
"194","A",973
"195","A",1025
"196","A",986
"197","A",1009
"198","A",970
"199","A",1017
"200","A",959
"201","A",986
"202","A",1005
"203","A",978
"204","A",1022
"205","A",1001
"206","A",979
"207","A",979
"208","A",941
"209","A",995
"210","A",977
"211","A",960
"212","A",992
"213","A",1008
"214","A",998
"215","A",982
"216","A",1009
"217","A",1018
"218","A",942
"219","A",1008
"220","A",1017
"221","A",985
"222","A",1001
"223","A",997
"224","A",1008
"225","A",1019
"226","A",1036
"227","A",987
"228","A",1013
"229","A",1008
"230","A",1017
"231","A",965
"232","A",1016
"233","A",985
"234","A",977
"235","A",1026
"236","A",1018
"237","A",1001
"238","A",1010
"239","A",982
"240","A",988
"241","A",974
"242","A",998
"243","A",1015
"244","A",1001
"245","A",1019
"246","A",1002
"247","A",990
"248","A",996
"249","A",1026
"250","A",1034
"251","A",987
"252","A",975
"253","A",1045
"254","A",983
"255","A",965
"256","A",934
"257","A",1008
"258","A",997
"259","A",1025
"260","A",1024
"261","A",1031
"262","A",989
"263","A",1038
"264","A",1008
"265","A",989
"266","A",990
"267","A",968
"268","A",998
"269","A",994
"270","A",996
"271","A",966
"272","A",946
"273","A",1014
"274","A",961
"275","A",955
"276","A",980
"277","A",1079
"278","A",1039
"279","A",1012
"280","A",1011
"281","A",977
"282","A",1004
"283","A",998
"284","A",1001
"285","A",1001
"286","A",991
"287","A",1013
"288","A",993
"289","A",996
"290","A",1042
"291","A",1018
"292","A",978
"293","A",973
"294","A",988
"295","A",1003
"296","A",1012
"297","A",995
"298","A",1001
"299","A",998
"300","A",975
"301","A",1044
"302","A",1019
"303","A",993
"304","A",1014
"305","A",983
"306","A",1026
"307","A",1001
"308","A",1022
"309","A",1021
"310","A",1003
"311","A",990
"312","A",1002
"313","A",987
"314","A",982
"315","A",983
"316","A",971
"317","A",1014
"318","A",1032
"319","A",1013
"320","A",990
"321","A",953
"322","A",1052
"323","A",1009
"324","A",964
"325","A",1002
"326","A",1014
"327","A",1045
"328","A",999
"329","A",976
"330","A",1004
"331","A",1048
"332","A",971
"333","A",1010
"334","A",1006
"335","A",1053
"336","A",1016
"337","A",1003
"338","A",1036
"339","A",1002
"340","A",971
"341","A",998
"342","A",1017
"343","A",1032
"344","A",1006
"345","A",1005
"346","A",987
"347","A",972
"348","A",1024
"349","A",1006
"350","A",964
"351","A",990
"352","A",1026
"353","A",964
"354","A",1015
"355","A",1022
"356","A",1035
"357","A",990
"358","A",952
"359","A",993
"360","A",991
"361","A",1005
"362","A",1023
"363","A",1014
"364","A",987
"365","A",1011
"366","A",983
"367","A",973
"368","A",992
"369","A",976
"370","A",995
"371","A",1001
"372","A",1007
"373","A",984
"374","A",961
"375","A",1000
"376","A",1025
"377","A",1023
"378","A",1030
"379","A",981
"380","A",961
"381","A",988
"382","A",1000
"383","A",1005
"384","A",992
"385","A",1019
"386","A",1049
"387","A",1012
"388","A",961
"389","A",1012
"390","A",1023
"391","A",979
"392","A",1006
"393","A",1037
"394","A",961
"395","A",1069
"396","A",985
"397","A",989
"398","A",1030
"399","A",960
"400","A",949
"401","A",974
"402","A",1024
"403","A",969
"404","A",998
"405","A",992
"406","A",971
"407","A",1009
"408","A",967
"409","A",1005
"410","A",955
"411","A",1011
"412","A",1022
"413","A",975
"414","A",1024
"415","A",1042
"416","A",1007
"417","A",1030
"418","A",976
"419","A",967
"420","A",998
"421","A",968
"422","A",993
"423","A",997
"424","A",995
"425","A",990
"426","A",988
"427","A",1010
"428","A",1006
"429","A",960
"430","A",955
"431","A",1027
"432","A",992
"433","A",951
"434","A",994
"435","A",1046
"436","A",1025
"437","A",998
"438","A",1020
"439","A",992
"440","A",1000
"441","A",988
"442","A",985
"443","A",1042
"444","A",1010
"445","A",1007
"446","A",1012
"447","A",1028
"448","A",983
"449","A",981
"450","A",976
"451","A",1031
"452","A",991
"453","A",1008
"454","A",1020
"455","A",1047
"456","A",994
"457","A",935
"458","A",980
"459","A",1043
"460","A",1022
"461","A",990
"462","A",1000
"463","A",1006
"464","A",990
"465","A",1001
"466","A",990
"467","A",998
"468","A",968
"469","A",1005
"470","A",983
"471","A",1010
"472","A",1012
"473","A",1015
"474","A",976
"475","A",1004
"476","A",964
"477","A",1001
"478","A",1039
"479","A",988
"480","A",996
"481","A",961
"482","A",1004
"483","A",959
"484","A",965
"485","A",1005
"486","A",1033
"487","A",1024
"488","A",989
"489","A",1024
"490","A",1018
"491","A",1034
"492","A",1045
"493","A",956
"494","A",975
"495","A",1044
"496","A",1036
"497","A",1023
"498","A",1013
"499","A",987
"500","A",1009
"501","A",999
"502","A",956
"503","A",965
"504","A",1044
"505","A",958
"506","A",1000
"507","A",980
"508","A",1014
"509","A",1024
"510","A",1058
"511","A",1034
"512","A",969
"513","A",1006
"514","A",995
"515","A",965
"516","A",1008
"517","A",1012
"518","A",951
"519","A",960
"520","A",990
"521","A",1008
"522","A",1054
"523","A",983
"524","A",1010
"525","A",1034
"526","A",966
"527","A",976
"528","A",1050
"529","A",1001
"530","A",1015
"531","A",995
"532","A",1035
"533","A",1005
"534","A",1013
"535","A",941
"536","A",988
"537","A",1033
"538","A",1035
"539","A",1000
"540","A",1030
"541","A",977
"542","A",1009
"543","A",1025
"544","A",1009
"545","A",990
"546","A",1002
"547","A",1006
"548","A",985
"549","A",986
"550","A",991
"551","A",1005
"552","A",992
"553","A",993
"554","A",1035
"555","A",1009
"556","A",1004
"557","A",997
"558","A",1031
"559","A",979
"560","A",979
"561","A",1018
"562","A",1000
"563","A",1005
"564","A",968
"565","A",1024
"566","A",980
"567","A",1022
"568","A",1006
"569","A",993
"570","A",979
"571","A",994
"572","A",986
"573","A",979
"574","A",1020
"575","A",950
"576","A",979
"577","A",990
"578","A",1035
"579","A",1029
"580","A",1029
"581","A",980
"582","A",1027
"583","A",1039
"584","A",1030
"585","A",1027
"586","A",994
"587","A",995
"588","A",948
"589","A",1037
"590","A",972
"591","A",963
"592","A",1028
"593","A",988
"594","A",1000
"595","A",981
"596","A",1036
"597","A",972
"598","A",957
"599","A",1008
"600","A",988
"601","A",982
"602","A",1001
"603","A",1019
"604","A",1011
"605","A",1014
"606","A",962
"607","A",972
"608","A",1031
"609","A",982
"610","A",1001
"611","A",998
"612","A",1011
"613","A",993
"614","A",1032
"615","A",1015
"616","A",999
"617","A",1021
"618","A",1013
"619","A",1021
"620","A",1010
"621","A",1025
"622","A",1028
"623","A",1047
"624","A",1046
"625","A",998
"626","A",985
"627","A",1051
"628","A",986
"629","A",990
"630","A",960
"631","A",976
"632","A",1020
"633","A",994
"634","A",992
"635","A",1015
"636","A",979
"637","A",1016
"638","A",983
"639","A",985
"640","A",1001
"641","A",996
"642","A",1008
"643","A",1039
"644","A",968
"645","A",1014
"646","A",1011
"647","A",1020
"648","A",993
"649","A",996
"650","A",984
"651","A",1012
"652","A",1043
"653","A",1006
"654","A",1025
"655","A",1029
"656","A",962
"657","A",1015
"658","A",1061
"659","A",1003
"660","A",992
"661","A",981
"662","A",986
"663","A",1051
"664","A",1016
"665","A",1033
"666","A",981
"667","A",983
"668","A",950
"669","A",1030
"670","A",1009
"671","A",1018
"672","A",983
"673","A",1012
"674","A",977
"675","A",1019
"676","A",1015
"677","A",1063
"678","A",993
"679","A",979
"680","A",1029
"681","A",1025
"682","A",994
"683","A",951
"684","A",1006
"685","A",1039
"686","A",995
"687","A",1033
"688","A",990
"689","A",1015
"690","A",984
"691","A",1014
"692","A",1002
"693","A",1056
"694","A",1018
"695","A",1013
"696","A",1014
"697","A",992
"698","A",976
"699","A",966
"700","A",979
"701","A",961
"702","A",994
"703","A",976
"704","A",992
"705","A",961
"706","A",992
"707","A",1038
"708","A",978
"709","A",1027
"710","A",1018
"711","A",945
"712","A",1004
"713","A",1005
"714","A",990
"715","A",1019
"716","A",973
"717","A",966
"718","A",1020
"719","A",993
"720","A",959
"721","A",1005
"722","A",998
"723","A",995
"724","A",995
"725","A",998
"726","A",1060
"727","A",1001
"728","A",992
"729","A",957
"730","A",1046
"731","A",999
"732","A",994
"733","A",1032
"734","A",1009
"735","A",1017
"736","A",948
"737","A",1026
"738","A",992
"739","A",949
"740","A",986
"741","A",937
"742","A",1026
"743","A",1000
"744","A",1007
"745","A",1018
"746","A",1021
"747","A",1001
"748","A",1027
"749","A",992
"750","A",1025
"751","A",990
"752","A",1006
"753","A",972
"754","A",1026
"755","A",968
"756","A",1006
"757","A",1001
"758","A",987
"759","A",1012
"760","A",1008
"761","A",982
"762","A",982
"763","A",1041
"764","A",970
"765","A",947
"766","A",1043
"767","A",1014
"768","A",1073
"769","A",984
"770","A",1018
"771","A",1028
"772","A",1045
"773","A",964
"774","A",991
"775","A",1029
"776","A",966
"777","A",1043
"778","A",994
"779","A",1006
"780","A",978
"781","A",1038
"782","A",1002
"783","A",938
"784","A",1000
"785","A",978
"786","A",941
"787","A",962
"788","A",998
"789","A",974
"790","A",974
"791","A",994
"792","A",1026
"793","A",1002
"794","A",1025
"795","A",1003
"796","A",1020
"797","A",991
"798","A",990
"799","A",1007
"800","A",1029
"801","A",970
"802","A",1017
"803","A",998
"804","A",1031
"805","A",990
"806","A",955
"807","A",991
"808","A",1018
"809","A",1013
"810","A",1005
"811","A",1021
"812","A",1043
"813","A",1021
"814","A",1039
"815","A",1025
"816","A",1031
"817","A",1058
"818","A",1005
"819","A",1027
"820","A",969
"821","A",1010
"822","A",965
"823","A",984
"824","A",1038
"825","A",1044
"826","A",999
"827","A",1014
"828","A",967
"829","A",961
"830","A",1000
"831","A",961
"832","A",997
"833","A",969
"834","A",979
"835","A",1005
"836","A",990
"837","A",978
"838","A",974
"839","A",1030
"840","A",1019
"841","A",997
"842","A",1031
"843","A",984
"844","A",1013
"845","A",1005
"846","A",1065
"847","A",959
"848","A",1033
"849","A",1064
"850","A",1036
"851","A",1001
"852","A",998
"853","A",959
"854","A",1018
"855","A",988
"856","A",1006
"857","A",1032
"858","A",1061
"859","A",965
"860","A",1010
"861","A",1003
"862","A",1016
"863","A",954
"864","A",997
"865","A",986
"866","A",979
"867","A",989
"868","A",989
"869","A",983
"870","A",1009
"871","A",1002
"872","A",992
"873","A",998
"874","A",957
"875","A",1042
"876","A",955
"877","A",985
"878","A",981
"879","A",1036
"880","A",1003
"881","A",996
"882","A",997
"883","A",999
"884","A",1002
"885","A",951
"886","A",1006
"887","A",987
"888","A",985
"889","A",977
"890","A",990
"891","A",967
"892","A",967
"893","A",965
"894","A",985
"895","A",973
"896","A",994
"897","A",989
"898","A",1018
"899","A",994
"900","A",1012
"901","A",983
"902","A",989
"903","A",988
"904","A",1012
"905","A",1024
"906","A",978
"907","A",979
"908","A",975
"909","A",988
"910","A",1029
"911","A",1022
"912","A",954
"913","A",998
"914","A",1003
"915","A",936
"916","A",953
"917","A",981
"918","A",970
"919","A",1020
"920","A",997
"921","A",1004
"922","A",965
"923","A",1028
"924","A",997
"925","A",996
"926","A",953
"927","A",1039
"928","A",999
"929","A",1013
"930","A",1035
"931","A",970
"932","A",980
"933","A",983
"934","A",955
"935","A",979
"936","A",1027
"937","A",967
"938","A",967
"939","A",997
"940","A",980
"941","A",976
"942","A",1018
"943","A",1012
"944","A",1011
"945","A",1004
"946","A",995
"947","A",934
"948","A",967
"949","A",1024
"950","A",1011
"951","A",1000
"952","A",982
"953","A",981
"954","A",958
"955","A",1014
"956","A",1000
"957","A",1028
"958","A",1016
"959","A",1003
"960","A",983
"961","A",1001
"962","A",952
"963","A",983
"964","A",1016
"965","A",997
"966","A",1018
"967","A",1016
"968","A",1014
"969","A",1020
"970","A",997
"971","A",1029
"972","A",974
"973","A",991
"974","A",1027
"975","A",992
"976","A",1022
"977","A",1019
"978","A",1009
"979","A",1001
"980","A",998
"981","A",1005
"982","A",966
"983","A",1036
"984","A",989
"985","A",1036
"986","A",967
"987","A",1007
"988","A",999
"989","A",1002
"990","A",1012
"991","A",1041
"992","A",980
"993","A",1019
"994","A",1030
"995","A",981
"996","A",1020
"997","A",998
"998","A",1019
"999","A",1021
"1000","A",966
"1001","B",1176
"1002","B",1247
"1003","B",1187
"1004","B",1274
"1005","B",1158
"1006","B",1239
"1007","B",1221
"1008","B",1113
"1009","B",1179
"1010","B",1251
"1011","B",1230
"1012","B",1157
"1013","B",1196
"1014","B",1196
"1015","B",1318
"1016","B",1192
"1017","B",1164
"1018","B",1167
"1019","B",1139
"1020","B",1245
"1021","B",1177
"1022","B",1146
"1023","B",1185
"1024","B",1140
"1025","B",1161
"1026","B",1193
"1027","B",1179
"1028","B",1167
"1029","B",1219
"1030","B",1225
"1031","B",1103
"1032","B",1243
"1033","B",1166
"1034","B",1128
"1035","B",1208
"1036","B",1164
"1037","B",1195
"1038","B",1157
"1039","B",1169
"1040","B",1102
"1041","B",1236
"1042","B",1299
"1043","B",1222
"1044","B",1259
"1045","B",1149
"1046","B",1164
"1047","B",1292
"1048","B",1168
"1049","B",1216
"1050","B",1105
"1051","B",1229
"1052","B",1145
"1053","B",1156
"1054","B",1184
"1055","B",1230
"1056","B",1164
"1057","B",1246
"1058","B",1196
"1059","B",1260
"1060","B",1247
"1061","B",1213
"1062","B",1336
"1063","B",1251
"1064","B",1172
"1065","B",1214
"1066","B",1229
"1067","B",1141
"1068","B",1229
"1069","B",1245
"1070","B",1168
"1071","B",1224
"1072","B",1170
"1073","B",1201
"1074","B",1197
"1075","B",1173
"1076","B",1261
"1077","B",1221
"1078","B",1154
"1079","B",1194
"1080","B",1191
"1081","B",1225
"1082","B",1149
"1083","B",1153
"1084","B",1205
"1085","B",1100
"1086","B",1110
"1087","B",1245
"1088","B",1202
"1089","B",1144
"1090","B",1197
"1091","B",1213
"1092","B",1162
"1093","B",1278
"1094","B",1260
"1095","B",1165
"1096","B",1221
"1097","B",1230
"1098","B",1181
"1099","B",1193
"1100","B",1144
"1101","B",1153
"1102","B",1209
"1103","B",1296
"1104","B",1171
"1105","B",1149
"1106","B",1146
"1107","B",1193
"1108","B",1125
"1109","B",1172
"1110","B",1224
"1111","B",1264
"1112","B",1272
"1113","B",1187
"1114","B",1255
"1115","B",1300
"1116","B",1197
"1117","B",1166
"1118","B",1208
"1119","B",1155
"1120","B",1193
"1121","B",1200
"1122","B",1274
"1123","B",1141
"1124","B",1205
"1125","B",1177
"1126","B",1217
"1127","B",1227
"1128","B",1291
"1129","B",1130
"1130","B",1279
"1131","B",1184
"1132","B",1141
"1133","B",1123
"1134","B",1240
"1135","B",1259
"1136","B",1131
"1137","B",1199
"1138","B",1145
"1139","B",1240
"1140","B",1278
"1141","B",1188
"1142","B",1178
"1143","B",1225
"1144","B",1160
"1145","B",1202
"1146","B",1192
"1147","B",1267
"1148","B",1221
"1149","B",1199
"1150","B",1218
"1151","B",1231
"1152","B",1250
"1153","B",1277
"1154","B",1190
"1155","B",1164
"1156","B",1226
"1157","B",1199
"1158","B",1198
"1159","B",1216
"1160","B",1232
"1161","B",1167
"1162","B",1165
"1163","B",1187
"1164","B",1170
"1165","B",1189
"1166","B",1128
"1167","B",1164
"1168","B",1249
"1169","B",1188
"1170","B",1285
"1171","B",1165
"1172","B",1239
"1173","B",1288
"1174","B",1133
"1175","B",1203
"1176","B",1158
"1177","B",1245
"1178","B",1196
"1179","B",1214
"1180","B",1137
"1181","B",1200
"1182","B",1200
"1183","B",1191
"1184","B",1201
"1185","B",1212
"1186","B",1229
"1187","B",1308
"1188","B",1174
"1189","B",1173
"1190","B",1238
"1191","B",1302
"1192","B",1105
"1193","B",1203
"1194","B",1225
"1195","B",1233
"1196","B",1289
"1197","B",1282
"1198","B",1164
"1199","B",1154
"1200","B",1165
"1201","B",1133
"1202","B",1259
"1203","B",1169
"1204","B",1257
"1205","B",1184
"1206","B",1192
"1207","B",1206
"1208","B",1204
"1209","B",1278
"1210","B",1254
"1211","B",1212
"1212","B",1214
"1213","B",1247
"1214","B",1302
"1215","B",1233
"1216","B",1136
"1217","B",1112
"1218","B",1189
"1219","B",1170
"1220","B",1253
"1221","B",1156
"1222","B",1205
"1223","B",1088
"1224","B",1188
"1225","B",1173
"1226","B",1266
"1227","B",1097
"1228","B",1112
"1229","B",1269
"1230","B",1179
"1231","B",1236
"1232","B",1256
"1233","B",1166
"1234","B",1136
"1235","B",1148
"1236","B",1180
"1237","B",1222
"1238","B",1166
"1239","B",1224
"1240","B",1172
"1241","B",1239
"1242","B",1236
"1243","B",1262
"1244","B",1244
"1245","B",1142
"1246","B",1218
"1247","B",1119
"1248","B",1275
"1249","B",1190
"1250","B",1258
"1251","B",1162
"1252","B",1185
"1253","B",1252
"1254","B",1183
"1255","B",1231
"1256","B",1241
"1257","B",1259
"1258","B",1094
"1259","B",1223
"1260","B",1147
"1261","B",1183
"1262","B",1160
"1263","B",1174
"1264","B",1177
"1265","B",1204
"1266","B",1198
"1267","B",1230
"1268","B",1109
"1269","B",1174
"1270","B",1212
"1271","B",1185
"1272","B",1194
"1273","B",1111
"1274","B",1203
"1275","B",1181
"1276","B",1265
"1277","B",1219
"1278","B",1198
"1279","B",1150
"1280","B",1221
"1281","B",1162
"1282","B",1185
"1283","B",1261
"1284","B",1154
"1285","B",1099
"1286","B",1231
"1287","B",1180
"1288","B",1253
"1289","B",1139
"1290","B",1217
"1291","B",1263
"1292","B",1221
"1293","B",1306
"1294","B",1314
"1295","B",1174
"1296","B",1184
"1297","B",1217
"1298","B",1197
"1299","B",1202
"1300","B",1241
"1301","B",1152
"1302","B",1174
"1303","B",1109
"1304","B",1231
"1305","B",1163
"1306","B",1164
"1307","B",1161
"1308","B",1175
"1309","B",1167
"1310","B",1206
"1311","B",1195
"1312","B",1145
"1313","B",1179
"1314","B",1216
"1315","B",1217
"1316","B",1289
"1317","B",1226
"1318","B",1237
"1319","B",1180
"1320","B",1172
"1321","B",1186
"1322","B",1241
"1323","B",1213
"1324","B",1226
"1325","B",1237
"1326","B",1229
"1327","B",1289
"1328","B",1232
"1329","B",1165
"1330","B",1177
"1331","B",1228
"1332","B",1253
"1333","B",1148
"1334","B",1272
"1335","B",1257
"1336","B",1234
"1337","B",1237
"1338","B",1186
"1339","B",1055
"1340","B",1142
"1341","B",1248
"1342","B",1245
"1343","B",1257
"1344","B",1167
"1345","B",1183
"1346","B",1210
"1347","B",1291
"1348","B",1174
"1349","B",1208
"1350","B",1231
"1351","B",1133
"1352","B",1176
"1353","B",1107
"1354","B",1247
"1355","B",1225
"1356","B",1260
"1357","B",1249
"1358","B",1196
"1359","B",1196
"1360","B",1155
"1361","B",1309
"1362","B",1242
"1363","B",1297
"1364","B",1209
"1365","B",1241
"1366","B",1146
"1367","B",1225
"1368","B",1139
"1369","B",1196
"1370","B",1176
"1371","B",1186
"1372","B",1249
"1373","B",1170
"1374","B",1244
"1375","B",1190
"1376","B",1207
"1377","B",1170
"1378","B",1192
"1379","B",1251
"1380","B",1248
"1381","B",1194
"1382","B",1181
"1383","B",1193
"1384","B",1188
"1385","B",1184
"1386","B",1204
"1387","B",1183
"1388","B",1285
"1389","B",1169
"1390","B",1195
"1391","B",1126
"1392","B",1282
"1393","B",1211
"1394","B",1143
"1395","B",1184
"1396","B",1111
"1397","B",1215
"1398","B",1152
"1399","B",1206
"1400","B",1221
"1401","B",1247
"1402","B",1187
"1403","B",1154
"1404","B",1213
"1405","B",1180
"1406","B",1183
"1407","B",1229
"1408","B",1272
"1409","B",1279
"1410","B",1222
"1411","B",1319
"1412","B",1164
"1413","B",1151
"1414","B",1312
"1415","B",1277
"1416","B",1182
"1417","B",1212
"1418","B",1202
"1419","B",1126
"1420","B",1201
"1421","B",1218
"1422","B",1127
"1423","B",1191
"1424","B",1142
"1425","B",1226
"1426","B",1169
"1427","B",1175
"1428","B",1122
"1429","B",1289
"1430","B",1128
"1431","B",1206
"1432","B",1085
"1433","B",1219
"1434","B",1171
"1435","B",1257
"1436","B",1206
"1437","B",1251
"1438","B",1143
"1439","B",1169
"1440","B",1205
"1441","B",1167
"1442","B",1206
"1443","B",1227
"1444","B",1187
"1445","B",1151
"1446","B",1230
"1447","B",1270
"1448","B",1167
"1449","B",1141
"1450","B",1201
"1451","B",1271
"1452","B",1170
"1453","B",1222
"1454","B",1183
"1455","B",1166
"1456","B",1163
"1457","B",1135
"1458","B",1083
"1459","B",1128
"1460","B",1193
"1461","B",1202
"1462","B",1132
"1463","B",1142
"1464","B",1129
"1465","B",1173
"1466","B",1239
"1467","B",1156
"1468","B",1204
"1469","B",1274
"1470","B",1237
"1471","B",1233
"1472","B",1149
"1473","B",1132
"1474","B",1281
"1475","B",1089
"1476","B",1142
"1477","B",1280
"1478","B",1204
"1479","B",1153
"1480","B",1222
"1481","B",1218
"1482","B",1197
"1483","B",1180
"1484","B",1215
"1485","B",1183
"1486","B",1279
"1487","B",1236
"1488","B",1223
"1489","B",1239
"1490","B",1161
"1491","B",1198
"1492","B",1151
"1493","B",1228
"1494","B",1290
"1495","B",1245
"1496","B",1224
"1497","B",1166
"1498","B",1262
"1499","B",1156
"1500","B",1200
"1501","B",1054
"1502","B",1198
"1503","B",1199
"1504","B",1170
"1505","B",1210
"1506","B",1077
"1507","B",1224
"1508","B",1175
"1509","B",1212
"1510","B",1195
"1511","B",1278
"1512","B",1240
"1513","B",1047
"1514","B",1203
"1515","B",1265
"1516","B",1137
"1517","B",1153
"1518","B",1226
"1519","B",1123
"1520","B",1213
"1521","B",1181
"1522","B",1210
"1523","B",1139
"1524","B",1177
"1525","B",1192
"1526","B",1095
"1527","B",1192
"1528","B",1197
"1529","B",1162
"1530","B",1070
"1531","B",1186
"1532","B",1201
"1533","B",1102
"1534","B",1290
"1535","B",1183
"1536","B",1230
"1537","B",1311
"1538","B",1221
"1539","B",1190
"1540","B",1258
"1541","B",1189
"1542","B",1229
"1543","B",1199
"1544","B",1231
"1545","B",1196
"1546","B",1252
"1547","B",1198
"1548","B",1178
"1549","B",1180
"1550","B",1190
"1551","B",1122
"1552","B",1235
"1553","B",1151
"1554","B",1292
"1555","B",1180
"1556","B",1201
"1557","B",1154
"1558","B",1181
"1559","B",1218
"1560","B",1207
"1561","B",1217
"1562","B",1118
"1563","B",1123
"1564","B",1206
"1565","B",1162
"1566","B",1183
"1567","B",1091
"1568","B",1251
"1569","B",1208
"1570","B",1085
"1571","B",1204
"1572","B",1185
"1573","B",1257
"1574","B",1227
"1575","B",1225
"1576","B",1186
"1577","B",1159
"1578","B",1217
"1579","B",1301
"1580","B",1176
"1581","B",1164
"1582","B",1137
"1583","B",1247
"1584","B",1177
"1585","B",1212
"1586","B",1226
"1587","B",1202
"1588","B",1190
"1589","B",1237
"1590","B",1194
"1591","B",1124
"1592","B",1156
"1593","B",1104
"1594","B",1193
"1595","B",1270
"1596","B",1219
"1597","B",1182
"1598","B",1203
"1599","B",1211
"1600","B",1154
"1601","B",1205
"1602","B",1197
"1603","B",1255
"1604","B",1207
"1605","B",1259
"1606","B",1173
"1607","B",1259
"1608","B",1188
"1609","B",1166
"1610","B",1144
"1611","B",1208
"1612","B",1236
"1613","B",1263
"1614","B",1150
"1615","B",1086
"1616","B",1242
"1617","B",1200
"1618","B",1203
"1619","B",1247
"1620","B",1088
"1621","B",1224
"1622","B",1205
"1623","B",1188
"1624","B",1187
"1625","B",1161
"1626","B",1221
"1627","B",1218
"1628","B",1168
"1629","B",1278
"1630","B",1218
"1631","B",1073
"1632","B",1254
"1633","B",1129
"1634","B",1258
"1635","B",1177
"1636","B",1225
"1637","B",1227
"1638","B",1279
"1639","B",1196
"1640","B",1205
"1641","B",1199
"1642","B",1189
"1643","B",1165
"1644","B",1177
"1645","B",1196
"1646","B",1159
"1647","B",1230
"1648","B",1244
"1649","B",1216
"1650","B",1103
"1651","B",1227
"1652","B",1235
"1653","B",1101
"1654","B",1198
"1655","B",1230
"1656","B",1201
"1657","B",1201
"1658","B",1173
"1659","B",1154
"1660","B",1154
"1661","B",1172
"1662","B",1266
"1663","B",1274
"1664","B",1114
"1665","B",1186
"1666","B",1212
"1667","B",1185
"1668","B",1095
"1669","B",1121
"1670","B",1201
"1671","B",1238
"1672","B",1271
"1673","B",1251
"1674","B",1243
"1675","B",1157
"1676","B",1205
"1677","B",1249
"1678","B",1161
"1679","B",1100
"1680","B",1141
"1681","B",1241
"1682","B",1265
"1683","B",1262
"1684","B",1244
"1685","B",1102
"1686","B",1174
"1687","B",1266
"1688","B",1244
"1689","B",1182
"1690","B",1098
"1691","B",1247
"1692","B",1232
"1693","B",1196
"1694","B",1188
"1695","B",1269
"1696","B",1158
"1697","B",1156
"1698","B",1279
"1699","B",1190
"1700","B",1177
"1701","B",1173
"1702","B",1227
"1703","B",1179
"1704","B",1184
"1705","B",1264
"1706","B",1250
"1707","B",1189
"1708","B",1178
"1709","B",1250
"1710","B",1218
"1711","B",1123
"1712","B",1238
"1713","B",1205
"1714","B",1202
"1715","B",1163
"1716","B",1188
"1717","B",1161
"1718","B",1159
"1719","B",1130
"1720","B",1116
"1721","B",1218
"1722","B",1175
"1723","B",1207
"1724","B",1149
"1725","B",1197
"1726","B",1266
"1727","B",1262
"1728","B",1278
"1729","B",1223
"1730","B",1200
"1731","B",1123
"1732","B",1227
"1733","B",1174
"1734","B",1237
"1735","B",1175
"1736","B",1263
"1737","B",1303
"1738","B",1236
"1739","B",1234
"1740","B",1205
"1741","B",1163
"1742","B",1201
"1743","B",1144
"1744","B",1284
"1745","B",1341
"1746","B",1132
"1747","B",1197
"1748","B",1196
"1749","B",1167
"1750","B",1137
"1751","B",1165
"1752","B",1224
"1753","B",1286
"1754","B",1227
"1755","B",1170
"1756","B",1158
"1757","B",1178
"1758","B",1136
"1759","B",1163
"1760","B",1190
"1761","B",1230
"1762","B",1269
"1763","B",1145
"1764","B",1165
"1765","B",1210
"1766","B",1133
"1767","B",1111
"1768","B",1202
"1769","B",1258
"1770","B",1182
"1771","B",1142
"1772","B",1147
"1773","B",1283
"1774","B",1174
"1775","B",1229
"1776","B",1200
"1777","B",1150
"1778","B",1234
"1779","B",1104
"1780","B",1167
"1781","B",1202
"1782","B",1226
"1783","B",1162
"1784","B",1192
"1785","B",1030
"1786","B",1203
"1787","B",1205
"1788","B",1065
"1789","B",1130
"1790","B",1193
"1791","B",1186
"1792","B",1298
"1793","B",1215
"1794","B",1151
"1795","B",1221
"1796","B",1194
"1797","B",1053
"1798","B",1222
"1799","B",1250
"1800","B",1218
"1801","B",1230
"1802","B",1188
"1803","B",1246
"1804","B",1232
"1805","B",1250
"1806","B",1148
"1807","B",1195
"1808","B",1138
"1809","B",1154
"1810","B",1207
"1811","B",1211
"1812","B",1190
"1813","B",1142
"1814","B",1107
"1815","B",1213
"1816","B",1256
"1817","B",1192
"1818","B",1244
"1819","B",1218
"1820","B",1199
"1821","B",1146
"1822","B",1198
"1823","B",1237
"1824","B",1184
"1825","B",1244
"1826","B",1161
"1827","B",1204
"1828","B",1118
"1829","B",1201
"1830","B",1167
"1831","B",1176
"1832","B",1255
"1833","B",1269
"1834","B",1237
"1835","B",1201
"1836","B",1229
"1837","B",1144
"1838","B",1208
"1839","B",1090
"1840","B",1074
"1841","B",1212
"1842","B",1222
"1843","B",1226
"1844","B",1276
"1845","B",1126
"1846","B",1124
"1847","B",1226
"1848","B",1249
"1849","B",1142
"1850","B",1133
"1851","B",1183
"1852","B",1298
"1853","B",1228
"1854","B",1134
"1855","B",1180
"1856","B",1180
"1857","B",1149
"1858","B",1272
"1859","B",1222
"1860","B",1121
"1861","B",1106
"1862","B",1200
"1863","B",1209
"1864","B",1254
"1865","B",1236
"1866","B",1102
"1867","B",1261
"1868","B",1303
"1869","B",1161
"1870","B",1268
"1871","B",1271
"1872","B",1135
"1873","B",1224
"1874","B",1151
"1875","B",1202
"1876","B",1270
"1877","B",1206
"1878","B",1226
"1879","B",1154
"1880","B",1227
"1881","B",1195
"1882","B",1077
"1883","B",1256
"1884","B",1262
"1885","B",1264
"1886","B",1176
"1887","B",1226
"1888","B",1168
"1889","B",1166
"1890","B",1236
"1891","B",1275
"1892","B",1256
"1893","B",1135
"1894","B",1113
"1895","B",1151
"1896","B",1217
"1897","B",1100
"1898","B",1154
"1899","B",1298
"1900","B",1128
"1901","B",1135
"1902","B",1235
"1903","B",1250
"1904","B",1195
"1905","B",1216
"1906","B",1295
"1907","B",1279
"1908","B",1204
"1909","B",1147
"1910","B",1208
"1911","B",1162
"1912","B",1186
"1913","B",1166
"1914","B",1206
"1915","B",1204
"1916","B",1201
"1917","B",1145
"1918","B",1137
"1919","B",1175
"1920","B",1192
"1921","B",1225
"1922","B",1129
"1923","B",1158
"1924","B",1086
"1925","B",1231
"1926","B",1192
"1927","B",1245
"1928","B",1163
"1929","B",1138
"1930","B",1220
"1931","B",1201
"1932","B",1177
"1933","B",1204
"1934","B",1272
"1935","B",1243
"1936","B",1247
"1937","B",1282
"1938","B",1218
"1939","B",1235
"1940","B",1231
"1941","B",1211
"1942","B",1235
"1943","B",1169
"1944","B",1226
"1945","B",1139
"1946","B",1294
"1947","B",1243
"1948","B",1174
"1949","B",1237
"1950","B",1228
"1951","B",1233
"1952","B",1216
"1953","B",1241
"1954","B",1174
"1955","B",1071
"1956","B",1237
"1957","B",1237
"1958","B",1175
"1959","B",1125
"1960","B",1159
"1961","B",1197
"1962","B",1179
"1963","B",1264
"1964","B",1200
"1965","B",1169
"1966","B",1222
"1967","B",1236
"1968","B",1146
"1969","B",1249
"1970","B",1222
"1971","B",1220
"1972","B",1156
"1973","B",1257
"1974","B",1227
"1975","B",1218
"1976","B",1236
"1977","B",1197
"1978","B",1196
"1979","B",1243
"1980","B",1196
"1981","B",1188
"1982","B",1215
"1983","B",1200
"1984","B",1253
"1985","B",1298
"1986","B",1305
"1987","B",1192
"1988","B",1209
"1989","B",1288
"1990","B",1214
"1991","B",1234
"1992","B",1143
"1993","B",1177
"1994","B",1200
"1995","B",1307
"1996","B",1292
"1997","B",1149
"1998","B",1265
"1999","B",1210
"2000","B",1209
