"","country_name","country_text_id","e_fh_status","e_wbgi_cce","e_wbgi_gee","e_ti_cpi","e_regionpol","e_regionpol_6C","v2xel_frefair","v2elirreg","v2elfrcamp","v2elfrfair","v2eldommon","v2elintmon","v2regimpgroup","v2clkill","v2clacfree","v2csreprss","v2mecenefm","v2mecenefi","v2mecrit","v2mefemjrn","v2meslfcen","v2mecorrpt","v2exl_legitlead","v2cagenmob","v2caprotac","v2cafres","v2cainsaut","v2cacritic","v2x_regime","v2x_accountability","v2x_neopat","v2xnp_client","v2xnp_pres","v2xnp_regcorr","v2x_civlib","v2x_clpol","v2x_clpriv","v2x_rule","v2xcs_ccsi","v2x_freexp","v2xcl_disc","v2xme_altinf","v2smgovdom","v2smgovab","v2smgovfilcap","v2smgovfilprc","v2smgovshutcap","v2smgovshut","v2smgovsm","v2smgovsmalt","v2smgovsmmon","v2smgovsmcenprc","v2smregcap","v2smorgavgact","v2smarrest"
"1","Mexico","MEX",2,-0.848,-0.155,31,2,2,0.778,NA,NA,NA,NA,NA,3,0.577,1.699,1.09,-0.173,1.427,1.32,34,0.753,1.26,0.721,-0.514,1,1.836,1.863,1.723,2,0.937,0.46,0.439,0.324,0.479,0.712,0.788,0.857,0.514,0.817,0.722,0.825,0.804,-1.631,1.132,-0.238,1.622,-1.257,1.776,1.798,1.014,0.511,1.199,-0.245,1.46,1.77
"2","Suriname","SUR",1,-0.434,-0.539,38,10,2,0.855,1.396,-0.605,1.741,1,1,4,2.02,1.481,1.935,0.73,1.321,1.192,40.75,0.602,0.91,0.925,0.103,0,1.535,0.692,0.371,2,1.362,0.229,0.604,0.11,0.211,0.877,0.892,0.873,0.773,0.932,0.839,0.899,0.874,0.535,0.606,-0.644,1.022,-1.152,1.694,1.761,1.315,1.046,1.251,-0.489,0.28,0.364
"3","Sweden","SWE",1,2.128,1.719,85,5,5,0.952,NA,NA,NA,NA,NA,2,3.347,3.263,3.085,3.471,2.215,3.177,54,2.058,3.231,-2.929,-2.321,1,2.364,1.677,2.592,3,1.949,0.012,0.05,0.016,0.003,0.969,0.973,0.951,0.994,0.977,0.968,0.911,0.962,2.547,2.226,-0.596,2.108,-1.822,1.862,1.899,2.146,2.885,2.08,0.605,0.996,2.546
"4","Switzerland","CHE",1,2.079,2.02,85,5,5,0.935,NA,NA,NA,NA,NA,3,3.066,2.962,2.812,3.166,2.049,2.344,40.714,3.026,2.977,-1.847,-0.352,1,2.448,1.487,1.511,3,1.847,0.015,0.062,0.013,0.012,0.948,0.98,0.889,0.996,0.95,0.987,0.971,0.937,2.669,2.478,-0.844,2.307,-3.067,1.728,1.836,2.021,1.975,1.932,0.899,0.512,2.385
"5","Ghana","GHA",1,-0.116,-0.153,43,4,4,0.76,0.187,2.092,0.36,1,1,3,1.692,1.699,2.012,2.084,1.816,1.822,44.286,1.231,1.246,-0.861,2.467,0,1.541,1.541,2.054,3,1.265,0.361,0.609,0.142,0.714,0.904,0.916,0.926,0.587,0.956,0.878,0.944,0.855,1.219,1.629,1.69,1.293,1.229,1.285,1.664,1.285,0.93,1.09,-0.609,0.607,1.037
"6","South Africa","ZAF",1,0.064,0.299,44,4,4,0.743,NA,NA,NA,NA,NA,2,0.675,2.057,1.241,0.915,1.65,2.481,46.833,1.015,1.275,-0.598,-0.12,1,0.938,1.566,2.883,2,1.198,0.225,0.386,0.133,0.314,0.822,0.871,0.8,0.748,0.89,0.818,0.837,0.893,0.849,1.492,0.237,1.452,0.034,0.592,1.626,0.505,0.901,1.973,0.271,1.094,1.621
"7","Japan","JPN",1,1.496,1.596,74,6,6,0.935,NA,NA,NA,NA,NA,12,3.066,2.273,2.92,1.396,1.898,1.963,25.143,0.978,2.873,-1.498,-2.038,1,0.501,0.607,1.507,3,1.533,0.134,0.188,0.135,0.111,0.928,0.933,0.888,0.949,0.951,0.892,0.907,0.861,0.851,0.907,0.909,1.796,-0.425,1.815,1.858,1.07,1.598,1.661,0.704,0.407,2.281
"8","Burma/Myanmar","MMR",3,-0.654,-0.997,28,7,6,0.513,0.226,0.949,0.684,1,1,9,0.901,0.333,1.199,1.054,1.126,0.662,39.286,0.483,1.894,0.182,0.102,1,-0.194,-0.09,0.774,1,0.684,0.442,0.378,0.416,0.305,0.569,0.691,0.37,0.602,0.673,0.689,0.751,0.718,0.849,0.735,1.649,-0.229,1.719,-0.983,-0.541,-1.352,-0.408,-0.726,0.846,0.599,-0.991
"9","Russia","RUS",3,-0.911,0.033,30,1,1,0.335,NA,NA,NA,NA,NA,9,-1.196,-0.715,-0.562,-1.671,-0.491,-0.466,51.909,-0.57,-1.687,1.937,-0.128,1,-0.289,-0.552,0.366,1,-0.237,0.859,0.477,0.894,0.718,0.43,0.342,0.695,0.18,0.328,0.329,0.612,0.278,-2.724,-2.153,2.051,-0.672,0.303,-0.065,0.113,-0.404,-1.527,-0.938,1.903,1.785,-0.886
"10","Albania","ALB",2,-0.54,-0.136,36,1,1,0.489,NA,NA,NA,NA,NA,2,2.958,0.887,1.359,-0.445,-0.223,0.049,57.333,0.368,-0.003,0.537,-0.347,1,1.505,0.501,1.122,1,0.785,0.53,0.759,0.243,0.842,0.855,0.763,0.908,0.498,0.849,0.674,0.883,0.616,-0.595,-0.202,0.561,0.189,-0.786,0.806,1.582,0.562,-0.151,0.912,0.854,0.966,1.25
"11","Egypt","EGY",3,-0.814,-0.545,33,3,3,0.116,-1.434,-0.653,-2.171,1,1,2,-1.453,-1.737,-1.355,-1.326,-1.143,-1.071,32.75,-1.258,-0.913,2.426,-0.546,1,-1.679,-2.378,-2.479,1,-0.549,0.641,0.631,0.492,0.675,0.223,0.152,0.363,0.318,0.19,0.143,0.169,0.211,-2.351,-1.463,1.951,-1.706,0.773,-1.033,-1.441,-1.159,-1.254,-1.19,1.332,0.36,-2.387
"12","Yemen","YEM",3,-1.68,-2.308,15,3,3,0,NA,NA,NA,NA,NA,NA,-1.972,-1.805,-0.87,-2.204,-1.603,-1.078,15.667,-0.695,-0.828,1.098,-0.185,0,-1.486,-0.765,-0.397,0,-0.801,0.946,0.829,0.874,0.951,0.112,0.189,0.062,0.049,0.239,0.124,0.233,0.175,-2.543,-3.116,1.577,-2.1,1.304,-1.311,-1.226,0.86,-1.415,-1.97,0.076,0.64,-2.073
"13","Colombia","COL",2,-0.182,0.04,39,2,2,0.786,NA,NA,NA,NA,NA,5,-0.874,0.687,1.171,1.237,0.653,1.359,50,1.186,1.297,-1.911,1.534,1,0.347,1.036,1.439,2,1.005,0.271,0.668,0.13,0.348,0.659,0.8,0.677,0.689,0.761,0.622,0.376,0.769,-1.042,-1.028,0.123,-0.477,-0.905,0.841,0.849,1.335,-1.273,-0.398,1.375,2.118,0.541
"14","Poland","POL",1,0.651,0.376,56,1,1,0.776,0.867,1.414,0.358,1,1,10,1.746,0.552,0.775,0.334,1.447,0.483,43,0.679,1.036,-0.747,3.57,1,1.561,1.463,2.201,2,0.831,0.236,0.204,0.335,0.089,0.84,0.786,0.84,0.803,0.718,0.723,0.825,0.656,-0.189,0.731,-0.741,2.199,-1.094,1.775,1.824,1.131,0.696,1.139,1.449,2.43,1.237
"15","Brazil","BRA",1,-0.342,-0.447,38,2,2,0.849,NA,NA,NA,NA,NA,4,-0.292,0.196,1.351,-0.042,0.695,1.184,53.25,0.25,0.947,0.079,0.162,1,-0.69,0.471,1.819,2,1.065,0.341,0.365,0.17,0.567,0.667,0.791,0.773,0.646,0.836,0.612,0.777,0.778,-2.246,-2.055,-0.692,-0.291,-1.505,1.578,1.984,0.956,-0.001,0.449,0.162,1.641,0.936
"16","United States of America","USA",1,1.069,1.319,67,5,5,0.848,1.355,1.13,1.638,1,1,7,2.316,2.886,1.841,1.766,0.974,1.784,43,1.623,2.026,1.478,3.018,0,2.121,1.952,2.304,3,1.432,0.078,0.079,0.073,0.078,0.897,0.947,0.881,0.938,0.954,0.921,0.918,0.854,-0.208,-0.129,0.808,1.403,-0.14,1.889,1.002,1.192,0.383,0.668,0.976,2.501,1.656
"17","Portugal","PRT",1,0.751,1.023,61,5,5,0.966,NA,NA,NA,NA,NA,4,2.379,2.431,2.821,2.574,2.124,2.778,55.667,2.87,1.729,-2.702,-0.476,1,2.617,2.342,1.969,3,1.707,0.065,0.022,0.055,0.118,0.932,0.96,0.942,0.913,0.884,0.973,0.981,0.903,2.655,2.281,-0.849,2.017,-0.851,1.078,1.968,1.216,1.903,2.211,0.97,1.135,2.888
"18","El Salvador","SLV",2,-0.592,-0.356,36,2,2,0.707,NA,NA,NA,NA,NA,2,1.147,0.56,0.539,-0.945,0.6,1.834,32.2,0.805,0.639,-0.187,-1.608,1,1.333,1.182,1.101,2,0.776,0.511,0.322,0.399,0.678,0.655,0.704,0.629,0.286,0.705,0.548,0.644,0.742,-1.676,-0.713,-1.204,1.381,-1.962,1.697,1.733,1.275,0.908,0.971,-1.748,0.74,2.437
"19","Bangladesh","BGD",2,-0.978,-0.788,26,8,6,0.153,NA,NA,NA,NA,NA,4,-1.441,-0.638,-0.233,0.177,-1.616,0.685,27.333,-1.253,0.427,2.48,-1.018,0,-0.622,-1.086,-0.831,1,-0.187,0.848,0.651,0.758,0.857,0.424,0.394,0.684,0.118,0.687,0.264,0.288,0.591,-1.268,-1.519,2.329,-1.351,1.327,-1.497,-1.292,-1.763,-2.44,-2.561,2.124,-0.116,-2.293
"20","Bolivia","BOL",2,-0.756,-0.562,31,2,2,0.468,-0.471,1.087,-0.452,1,1,3,1.245,0.917,0.375,0.38,0.398,0.779,41.333,0.028,1.252,-0.381,2.814,0,0.575,1.577,0.238,1,0.562,0.695,0.387,0.544,0.69,0.725,0.686,0.664,0.389,0.636,0.618,0.673,0.64,-1.21,-1.039,-1.044,0.64,-0.567,1.059,1.023,0.809,-0.793,0.525,-0.646,1.619,0.017
"21","Haiti","HTI",2,-1.32,-2.034,18,2,2,0.237,NA,NA,NA,NA,NA,2,0.175,1.137,0.109,0.272,0.927,1.246,19,0.594,-0.832,0.467,2.702,1,1.153,1.227,1.538,1,0.446,0.823,0.825,0.669,0.911,0.665,0.689,0.657,0.149,0.699,0.694,0.801,0.778,-1.922,0.179,-1.305,1.387,-0.997,0.402,1.646,0.788,1.002,1.757,-1.793,-0.146,-0.101
"22","Honduras","HND",2,-0.858,-0.596,24,2,2,0.178,NA,NA,NA,NA,NA,5,1.075,1.341,1.798,0.58,1.258,0.671,43.8,0.444,-0.211,-1.882,-2.399,1,2.651,2.414,1.914,1,0.443,0.699,0.852,0.47,0.777,0.792,0.811,0.84,0.278,0.884,0.739,0.851,0.646,-0.65,-0.499,-0.478,0.397,0.768,1.694,1.676,0.752,-0.851,0.463,-0.716,1.263,1.634
"23","Mali","MLI",3,-0.779,-1.154,30,4,4,0.359,-0.369,2.249,-0.113,1,1,8,0.839,1.849,0.943,0.222,-0.353,0.84,19,1.034,0.301,-0.342,2.929,0,-0.391,0.666,0.691,1,0.794,0.539,0.554,0.352,0.723,0.723,0.823,0.674,0.429,0.844,0.789,0.875,0.753,1.596,1.434,-0.639,0.486,0.743,0.605,0.053,-0.25,0.025,-1.216,-1.133,0.308,-0.377
"24","Pakistan","PAK",2,-0.84,-0.546,31,8,6,0.298,NA,NA,NA,NA,NA,5,-0.096,-0.801,-0.201,-0.013,-1.264,1.917,28.125,0.048,-0.919,1.292,0.686,0,0.235,0.982,0.695,1,0.361,0.555,0.754,0.248,0.808,0.422,0.491,0.396,0.301,0.605,0.406,0.586,0.754,-1.099,-0.988,0.933,-1.289,1.799,-0.525,0.193,-1.17,-1.26,-0.562,0.875,0.025,-0.472
"25","Peru","PER",2,-0.49,-0.237,38,2,2,0.914,1.789,2.327,1.778,1,1,3,1.766,2.04,1.649,2.217,1.615,2.231,47.4,2.028,1.288,-1.581,2.885,1,2.595,3.131,2.843,2,1.479,0.218,0.377,0.118,0.393,0.861,0.916,0.819,0.719,0.88,0.926,0.934,0.889,1.117,1.372,0.133,1.804,-0.409,1.372,1.444,1.753,2.018,1.447,0.057,0.245,2.096
"26","Senegal","SEN",2,0.03,0.011,45,4,4,0.776,NA,NA,NA,NA,NA,8,1.896,2.655,1.696,2.198,1.474,1.48,41,2.855,1.004,0.312,0.581,0,1.914,2.297,1.525,2,1.258,0.331,0.468,0.251,0.349,0.872,0.918,0.831,0.751,0.907,0.936,0.886,0.911,1.195,1.496,1.271,0.592,-0.203,1.257,1.853,-0.021,-0.224,1.436,0.509,0.957,-1.353
"27","South Sudan","SSD",3,-1.905,-2.344,12,4,4,0,NA,NA,NA,NA,NA,5,-0.843,-1.575,-0.814,-2.676,-3.694,-0.846,25,-0.558,0.354,-2.378,-1.584,1,-2.103,-1.012,-0.919,0,-0.611,0.92,0.846,0.842,0.91,0.206,0.245,0.166,0.07,0.225,0.133,0.158,0.239,-2.596,-2.293,-0.446,-1.327,-0.576,-2.67,-1.97,-1.833,-2.233,-3.026,-0.596,-1.231,-2.778
"28","Sudan","SDN",3,-1.386,-1.486,16,4,4,0,NA,NA,NA,NA,NA,9,-0.575,-0.6,0.765,-0.158,-1.082,0.673,36.6,1.03,0.306,-0.752,1.072,1,0.006,0.682,0.523,0,0.046,0.626,0.46,0.713,0.513,0.393,0.55,0.258,0.389,0.766,0.504,0.491,0.644,-1.331,-0.876,0.675,-2.043,0.054,-1.788,-2.116,-1.456,-1.206,-0.889,0.943,0.383,-1.049
"29","Vietnam","VNM",3,-0.353,0.2,36,7,6,0.495,NA,NA,NA,NA,NA,2,0.797,-0.864,-0.737,-1.415,-0.913,-1.502,43.333,-1.325,0.074,-0.577,1.024,0,-0.599,-0.552,-0.959,0,-0.369,0.638,0.141,0.771,0.32,0.415,0.13,0.488,0.351,0.31,0.234,0.412,0.068,-0.67,-0.879,1.111,-2.146,1.717,0.794,-0.499,-0.565,-1.116,-1.515,1.297,1.024,-2.367
"30","Afghanistan","AFG",3,-1.475,-1.523,19,8,6,0.171,NA,NA,NA,NA,NA,5,0.193,0.609,1.358,1.148,0.009,1.527,30,0.81,0.93,-0.245,0.188,0,0.605,-0.393,1.049,1,0.334,0.8,0.792,0.643,0.871,0.559,0.685,0.47,0.213,0.75,0.649,0.662,0.814,-1.276,-1.204,-0.199,0.213,-0.124,0.715,-0.189,0.033,-0.083,0.427,-0.61,1.363,0.181
"31","Argentina","ARG",1,-0.116,-0.217,42,2,2,0.884,NA,NA,NA,NA,NA,10,2.37,2.375,1.89,2.451,1.898,1.043,40.714,2.125,1.124,-0.56,1.91,1,2.39,2.294,1.793,2,1.431,0.315,0.423,0.203,0.428,0.909,0.95,0.878,0.681,0.924,0.952,0.952,0.787,1.884,1.804,-0.275,2.233,-0.986,1.849,1.827,1.248,0.276,1.67,0.44,1.887,2.632
"32","Ethiopia","ETH",3,-0.362,-0.552,38,4,4,0.21,NA,NA,NA,NA,NA,5,0.346,0.17,0.517,1.512,-0.121,0.516,28.667,-0.195,0.341,0.532,0.874,0,-0.198,-0.003,0.602,1,0.034,0.622,0.472,0.713,0.198,0.554,0.63,0.48,0.463,0.644,0.619,0.511,0.539,-1.488,-1.304,1.382,-2.226,0.93,-1.771,-0.897,-2.081,-1.107,-2.062,0.728,-0.167,-1.684
"33","India","IND",2,-0.245,0.387,40,8,6,0.529,NA,NA,NA,NA,NA,2,-0.036,-0.069,-1.026,-0.479,-0.889,0.443,33.222,0.079,-0.888,1.532,1.202,0,0.005,-0.112,0.916,1,0.473,0.344,0.542,0.236,0.351,0.568,0.492,0.614,0.654,0.325,0.48,0.686,0.607,-1.318,-0.986,1.702,-0.989,1.459,-2.287,-1.278,-0.187,-0.738,-1.159,1.286,1.595,-1.734
"34","Kenya","KEN",2,-0.855,-0.354,31,4,4,0.365,NA,NA,NA,NA,NA,8,-0.465,2.051,0.352,1.152,0.973,1.485,38.5,1.099,0.776,-0.979,-0.191,1,1.258,1.14,1.188,1,0.777,0.436,0.653,0.225,0.674,0.654,0.78,0.687,0.577,0.64,0.825,0.831,0.824,-0.465,0.338,0.957,0.873,0.238,1.244,1.242,0.243,-0.36,-0.048,0.972,-1.043,0.975
"35","North Korea","PRK",3,-1.68,-1.464,18,6,6,0.136,NA,NA,NA,NA,NA,0,-2.047,-3.202,-3.705,-2.69,-4.147,-2.938,24.667,-3.019,-2.947,3.532,0.91,0,-3.092,-2.95,-2.939,0,-1.535,0.964,0.498,0.985,0.804,0.025,0.014,0.001,0.033,0.017,0.011,0.018,0.017,-3.345,-3.272,2.679,-3.869,2.175,-4.147,-4.01,-4.996,-3.689,-4.996,3.557,-3.504,-3.091
"36","South Korea","KOR",1,0.728,1.416,61,6,6,0.96,2.233,0.665,2.221,1,0,10,2.642,1.421,2.537,2.7,0.054,2.702,29.167,1.426,2.296,-1.395,-0.194,1,1.595,1.391,1.607,3,1.659,0.07,0.095,0.066,0.082,0.929,0.918,0.91,0.946,0.839,0.924,0.909,0.963,2.038,2.033,1.383,1.088,-0.157,1.887,1.184,1.683,1.429,1.569,1.5,2.26,1.642
"37","Kosovo","XKX",2,-0.446,-0.319,36,1,1,0.662,NA,NA,NA,NA,NA,11,2.551,1.72,1.509,2.705,1.474,0.338,55.333,0.488,1.43,-0.609,-0.377,1,1.403,0.861,0.493,2,0.879,0.377,0.571,0.296,0.313,0.82,0.868,0.699,0.625,0.831,0.859,0.864,0.541,1.014,1.065,-0.053,1.46,-1.038,0.727,1,-0.026,-0.919,0.176,-1.076,-0.056,1.652
"38","Lebanon","LBN",2,-1.145,-1.17,25,3,3,0.4,NA,NA,NA,NA,NA,7,1.41,0.462,0.737,0.481,1.064,1.642,54,0.793,-0.054,-0.707,2.023,1,0.723,0.931,2.172,1,0.638,0.684,0.829,0.521,0.694,0.721,0.742,0.715,0.312,0.824,0.68,0.807,0.761,-1.09,-0.332,1.219,0.168,0.734,-0.435,-0.436,0.186,-0.857,-1.168,-0.314,2.613,-1.175
"39","Nigeria","NGA",2,-1.097,-1.029,25,4,4,0.404,NA,NA,NA,NA,NA,3,-0.02,2.316,0.556,1.408,0.727,1.881,37.5,1.864,0.641,0.949,2.34,0,2.405,1.045,1.902,2,0.889,0.654,0.832,0.342,0.895,0.697,0.859,0.804,0.307,0.787,0.875,0.899,0.884,0.452,0.843,-0.156,0.418,-0.586,1.235,1.382,0.456,0.307,0.71,-0.705,0.808,-0.801
"40","Philippines","PHL",2,-0.482,0.061,34,7,6,0.454,NA,NA,NA,NA,NA,10,-1.03,-0.066,0.227,0.091,0.657,0.839,46.875,0.331,0.364,0.988,0.627,1,1.329,1.167,2.257,1,0.618,0.536,0.718,0.343,0.648,0.535,0.568,0.713,0.482,0.744,0.462,0.494,0.761,-2.115,-1.37,-0.807,0.317,-0.765,-0.01,1.199,0.282,-1.369,0.169,0.274,-0.448,-0.78
"41","Tanzania","TZA",2,-0.39,-0.773,38,4,4,0.399,-1.062,0.642,-1.148,1,0,11,0.69,0.564,0.396,-0.213,-0.315,0.602,35,-1.085,0.703,1.21,-0.705,0,0.751,0.791,1.125,1,0.452,0.317,0.514,0.152,0.259,0.611,0.568,0.6,0.806,0.574,0.513,0.631,0.661,-0.787,0.427,1.386,-0.076,1.798,0.038,-0.51,0.876,0.127,-0.294,0.058,0.305,-0.79
"42","Taiwan","TWN",1,1.156,1.586,65,6,6,0.935,1.735,1.82,2.111,1,1,3,3.159,2.383,2.251,1.145,0.984,1.663,49.889,1.152,0.886,-1.192,1.392,1,1.657,1.874,2.455,3,1.465,0.141,0.184,0.13,0.075,0.934,0.917,0.922,0.922,0.921,0.894,0.957,0.797,1.526,0.798,-0.28,0.57,-0.612,0.85,1.283,0.039,0.06,0.613,1.526,2.543,1.815
"43","Thailand","THA",3,-0.422,0.301,36,7,6,0.139,NA,NA,NA,NA,NA,0,-0.824,-0.834,-1.462,-0.443,-0.525,0.19,40.2,-0.567,1.056,1.88,1.878,1,-1.251,-1.783,2.052,0,-0.124,0.618,0.585,0.46,0.797,0.396,0.423,0.488,0.3,0.388,0.299,0.165,0.53,-0.817,-0.996,1.215,-0.76,0.532,1.053,1.009,0.437,-1.243,-1.067,0.865,1.973,-1.537
"44","Uganda","UGA",3,-1.054,-0.577,27,4,4,0.155,NA,NA,NA,NA,NA,11,-0.377,0.34,-1.079,0.252,-0.659,0.599,42.6,0.848,0.928,0.801,0.808,0,-0.12,0.226,0.64,1,0.191,0.581,0.632,0.388,0.752,0.42,0.524,0.459,0.368,0.381,0.565,0.516,0.765,-1.241,-0.204,1.127,-0.733,0.01,-0.864,-1.598,-0.441,-0.678,-0.332,0.997,-0.39,-1.247
"45","Venezuela","VEN",3,-1.56,-1.78,15,2,2,0.071,-2.461,-1.172,-2.728,0,0,9,-0.362,-0.744,-1.045,-1.983,-1.075,-0.793,59.182,-0.392,-0.036,0.775,0.507,1,-1.085,-0.483,1.014,1,-0.59,0.979,0.895,0.961,0.963,0.337,0.262,0.55,0.01,0.299,0.239,0.262,0.352,-3.144,-3.232,2.31,-1.888,1.63,-1.822,-1.648,-1.379,-2.807,-0.864,1.305,1.365,-1.094
"46","Benin","BEN",2,-0.039,-0.264,41,4,4,0.454,NA,NA,NA,NA,NA,4,1.97,1.397,0.86,0.642,1.835,0.451,30.875,-0.175,-0.056,1.134,0.786,0,1.868,1.243,0.675,1,0.418,0.407,0.499,0.404,0.173,0.815,0.689,0.928,0.751,0.789,0.666,0.694,0.622,0.859,0.582,1.289,1.328,2.165,0.656,0.524,-1.116,-0.285,0.942,1.019,1.654,-0.241
"47","Bhutan","BTN",2,1.648,0.373,68,8,6,0.848,NA,NA,NA,NA,NA,4,1.245,0.379,1.187,1.145,-0.538,1.449,32.857,-0.483,1.846,0.114,-1.818,0,0.047,0.829,-0.802,2,0.979,0.107,0.326,0.081,0.055,0.738,0.703,0.644,0.919,0.678,0.694,0.681,0.809,-0.926,0.206,-0.825,-1.15,0.044,-1.105,-0.913,-2.097,-1.413,-0.866,-0.608,-0.361,-1.353
"48","Burkina Faso","BFA",2,-0.101,-0.67,40,4,4,0.759,0.263,2.074,0.865,1,1,9,2.135,2.033,1.619,1.679,0.515,1.74,42,0.852,1.685,-0.924,1.355,0,2.578,1.317,2.731,2,1.083,0.417,0.629,0.283,0.461,0.789,0.869,0.675,0.615,0.882,0.848,0.726,0.858,0.959,0.518,1.656,0.044,1.092,-1.484,0.025,-0.48,-1.601,-0.778,0.704,2.008,-1.113
"49","Cambodia","KHM",3,-1.231,-0.419,21,7,6,0.148,NA,NA,NA,NA,NA,8,-0.186,-0.954,-1.14,-1.558,-0.783,-1.012,25.25,-1.581,-0.376,1.465,-1.046,1,-0.212,0.542,0.252,1,-0.637,0.934,0.752,0.895,0.923,0.356,0.207,0.427,0.064,0.252,0.19,0.343,0.159,-1.631,-1.093,-0.881,-1.38,-1.188,0.53,0.625,0.394,-0.137,-0.876,-0.155,-0.646,-1.213
"50","Indonesia","IDN",2,-0.397,0.369,37,7,6,0.748,NA,NA,NA,NA,NA,3,1.121,1.231,0.934,0.746,0.281,2.488,30,1.156,-0.105,-0.633,1.007,0,1.081,1.023,1.17,2,1.018,0.447,0.601,0.189,0.764,0.712,0.719,0.668,0.522,0.81,0.696,0.623,0.876,0.573,0.21,1.39,-0.001,-0.374,0.18,0.058,0.853,-0.23,0.22,-0.026,0.936,0.62
"51","Mozambique","MOZ",2,-0.721,-0.724,25,4,4,0.177,NA,NA,NA,NA,NA,3,-0.2,0.338,0.356,-0.112,0.752,0.691,27.667,0.676,0.382,-0.131,-0.999,0,1.131,0.3,0.895,1,0.303,0.554,0.56,0.444,0.555,0.609,0.664,0.694,0.423,0.667,0.595,0.645,0.712,-0.244,0.295,-0.568,1.201,1.336,1.777,1.732,0.764,0.501,0.722,-0.791,-0.59,0.698
"52","Nepal","NPL",2,-0.578,-0.944,33,8,6,0.619,NA,NA,NA,NA,NA,0,0.829,1.284,1.207,1.161,0.689,0.667,29.9,0.908,0.3,-0.791,-0.343,0,1.666,0.804,2.055,2,0.978,0.411,0.44,0.23,0.667,0.758,0.824,0.705,0.529,0.783,0.803,0.831,0.703,-1.016,-1.171,0.433,-0.656,-0.15,-0.345,-0.494,-0.586,-0.37,-1.376,0.097,-0.47,-0.988
"53","Nicaragua","NIC",3,-1.249,-0.714,22,2,2,0.233,NA,NA,NA,NA,NA,3,-1.151,-2.088,-1.571,-1.559,-2.823,0.166,41.417,0.155,-1.119,1.995,1.339,1,-1.394,-0.079,0.818,1,-0.653,0.976,0.705,0.982,0.906,0.281,0.21,0.473,0.028,0.23,0.149,0.126,0.509,-2.317,-2.386,1.654,-2.046,0.289,-0.96,-0.673,-1.268,-0.052,-1.608,0.584,0.99,-1.489
"54","Niger","NER",2,-0.659,-0.617,32,4,4,0.469,0.398,1.591,-0.159,NA,NA,5,1.423,1.803,0.739,1.182,0.201,1.16,31.444,0.913,0.37,0.86,0.246,0,1.246,0.802,1.272,2,0.971,0.468,0.551,0.368,0.525,0.785,0.827,0.712,0.558,0.822,0.834,0.834,0.84,-0.698,-0.645,0.654,-0.578,0.014,-0.519,-0.697,-0.873,0.115,-0.011,-0.555,-0.239,-0.913
"55","Zambia","ZMB",2,-0.705,-0.768,33,4,4,0.199,NA,NA,NA,NA,NA,10,0.329,0.465,0.276,-1.004,0.713,0.414,52.714,1.505,0.837,0.806,1.091,0,0.612,0.278,0.851,1,0.481,0.409,0.606,0.322,0.386,0.616,0.598,0.749,0.445,0.575,0.568,0.635,0.7,-0.301,-0.15,1.109,0.44,1.77,1.804,1.877,-0.449,-1.777,1.084,1.033,-0.715,-1.001
"56","Zimbabwe","ZWE",3,-1.253,-1.251,24,4,4,0.174,NA,NA,NA,NA,NA,2,-1.409,-1.094,-1.035,-0.148,-0.156,0.498,36.25,0.011,-0.573,1.23,0.072,1,-0.855,-1.277,1.246,1,0.045,0.725,0.655,0.587,0.776,0.399,0.387,0.692,0.237,0.351,0.315,0.253,0.623,-2.169,-1.807,0.914,-0.284,1.077,-0.659,-0.428,-0.14,-1.153,-0.735,1.16,1.691,-1.454
"57","Guinea","GIN",2,-0.968,-0.894,28,4,4,0.159,-1.496,0.412,-0.936,1,1,5,-0.983,-0.848,0.153,0.491,-1.258,1.467,25.25,1.359,-0.419,-0.3,2.661,NA,-0.042,-0.732,0.517,1,-0.064,0.867,0.695,0.791,0.882,0.392,0.503,0.415,0.135,0.612,0.446,0.25,0.805,-0.803,-0.074,-0.171,-0.412,0.403,-1.574,-0.971,-0.932,0.075,-2.379,-0.996,0.495,-2.089
"58","Ivory Coast","CIV",2,-0.527,-0.481,36,4,4,0.566,-0.89,0.294,-1.528,1,1,13,0.337,1.443,0.544,0.082,1.325,0.548,28.833,0.08,0.438,0.352,1.443,0,1.005,0.789,0.672,1,0.302,0.564,0.5,0.527,0.757,0.699,0.699,0.752,0.391,0.686,0.63,0.621,0.655,-0.443,-0.838,1.155,-0.218,1.403,1.584,1.522,-0.366,-1.66,0.079,-0.36,0.351,-1.107
"59","Mauritania","MRT",2,-0.805,-0.772,29,4,4,0.424,NA,NA,NA,NA,NA,2,2.057,0.284,0.202,0.855,0.279,0.406,17.75,0.766,-0.538,-0.635,0.254,0,-0.106,-0.901,-1.678,1,0.397,0.802,0.708,0.726,0.788,0.63,0.61,0.567,0.194,0.631,0.675,0.795,0.668,-0.354,0.142,-0.372,0.295,1.349,0.633,0.431,-0.918,-1.083,-0.244,0.531,1.707,-1.125
"60","Canada","CAN",1,1.598,1.644,77,5,5,0.956,NA,NA,NA,NA,NA,10,3.143,2.714,2.048,3.063,1.944,2.666,48.4,1.702,2.838,-1.209,0.238,0,1.814,2.018,2.63,3,1.547,0.073,0.048,0.09,0.038,0.946,0.957,0.921,0.971,0.931,0.966,0.949,0.862,2.149,1.474,0.132,1.411,-0.053,1.809,1.753,1.482,1.605,1.962,1.241,0.542,2.444
"61","Australia","AUS",1,1.665,1.619,77,5,5,0.941,NA,NA,NA,NA,NA,1,3.027,2.248,1.864,2.65,1.297,2.253,52.857,2.038,3.189,-2.85,0.484,0,2.013,1.041,2.063,3,1.76,0.017,0.067,0.01,0.036,0.936,0.95,0.903,0.991,0.907,0.959,0.967,0.915,0.677,1.629,0.294,1.459,-0.279,1.882,1.299,1.123,1.481,1.425,0.597,0.689,1.369
"62","Botswana","BWA",1,0.629,0.257,60,4,4,0.617,NA,NA,NA,NA,NA,8,2.001,1.31,2.159,1.818,1.879,0.655,35.286,0.712,1.018,1.749,-1.343,0,2.058,0.961,0.849,3,0.951,0.218,0.282,0.193,0.147,0.884,0.882,0.861,0.893,0.893,0.823,0.88,0.713,1.102,1.198,0.586,2.021,-0.086,1.736,1.77,0.005,1.714,1.452,0.121,0.688,1.483
"63","Burundi","BDI",3,-1.527,-1.259,19,4,4,0.056,-2.571,0.76,-2.51,0,0,6,-2.72,-1.503,-1.849,-2.211,-0.705,-0.949,36.188,-1.891,-2.506,0.928,0.066,0,-1.387,-0.748,-1.062,1,-0.887,0.949,0.899,0.931,0.851,0.166,0.116,0.335,0.077,0.066,0.093,0.251,0.19,-1.64,-1.527,-0.864,-0.783,-0.347,-0.798,-1.484,-1.629,-0.975,-0.536,-1.44,-0.743,-2.572
"64","Cape Verde","CPV",NA,0.828,0.247,58,4,4,0.89,NA,NA,NA,NA,NA,3,1.754,1.597,2.886,0.946,1.987,1.458,45.5,0.803,2.586,-0.856,-1.925,1,1.591,0.848,0.684,2,1.417,0.108,0.29,0.063,0.161,0.909,0.909,0.926,0.86,0.91,0.854,0.925,0.733,1.33,1.293,-0.845,1.502,-1.09,1.281,1.327,0.167,1.988,1.066,-0.388,-0.117,1.399
"65","Central African Republic","CAF",3,-1.282,-1.69,26,4,4,0.287,-1.218,1.173,-1.435,1,1,2,-0.72,1.188,-0.505,0.154,0.377,1.217,21.8,0.417,0.327,0.417,0.781,0,1.266,-0.468,1.623,1,0.278,0.627,0.794,0.601,0.711,0.485,0.627,0.471,0.187,0.468,0.648,0.705,0.751,-1.417,0.132,-1.202,0.679,1.17,0.569,1.064,-1.014,0.81,0.723,-0.142,-0.154,-0.255
"66","Chile","CHL",1,1.147,0.989,67,2,2,0.97,NA,NA,NA,NA,NA,3,1.504,2.237,1.469,1.517,2.068,1.47,36,1.201,1.962,-1.763,0.288,1,2.552,2.119,2.964,2,1.728,0.035,0.095,0.024,0.042,0.882,0.924,0.903,0.953,0.877,0.928,0.976,0.812,1.022,1.539,1.191,1.193,-0.68,1.846,1.913,1.776,1.069,1.19,1.138,1.994,1.455
"67","Costa Rica","CRI",1,0.776,0.362,57,2,2,0.961,NA,NA,NA,NA,NA,2,2.512,2.959,2.468,1.908,2.103,2.736,38.571,2.468,2.004,-3.069,1.473,1,1.974,2.749,2.05,3,1.853,0.067,0.135,0.033,0.157,0.948,0.964,0.921,0.949,0.954,0.956,0.965,0.943,2.399,1.572,-1.286,1.088,-0.571,1.737,1.756,1.536,2.312,0.922,-0.881,1.732,1.825
"68","Timor-Leste","TLS",1,-0.324,-0.802,40,7,6,0.786,NA,NA,NA,NA,NA,5,2.194,1.788,2.323,0.254,0.097,0.846,29,0.258,0.28,1.089,-1.806,0,0.614,0.811,1.338,2,1.015,0.336,0.409,0.28,0.291,0.802,0.829,0.662,0.699,0.846,0.78,0.881,0.774,0.375,0.41,-2.05,1.425,-1.859,1.068,1.378,0.463,0.729,0.57,-1.758,-0.073,1.004
"69","Ecuador","ECU",2,-0.536,-0.439,39,2,2,0.744,NA,NA,NA,NA,NA,2,2.475,1.265,0.348,1.49,-0.123,1.03,38.5,1.115,0.83,-1.473,-0.783,1,2.283,1.044,1.27,2,1.014,0.435,0.431,0.354,0.496,0.898,0.835,0.906,0.549,0.7,0.879,0.963,0.769,-0.296,-0.733,-0.532,-0.286,-1.196,0.83,0.755,0.159,-0.531,-1.045,-1.04,0.941,0.22
"70","France","FRA",1,1.153,1.248,69,5,5,0.956,NA,NA,NA,NA,NA,4,2.863,3.167,1.422,2.553,1.494,2.964,46.875,3.028,3.014,-1.697,0.218,0,1.821,0.95,1.299,3,1.657,0.069,0.051,0.068,0.068,0.927,0.954,0.894,0.963,0.84,0.976,0.961,0.941,1.113,1.267,1.221,1.163,-0.9,1.134,1.031,1.53,1.16,0.382,2.122,2.108,1.163
"71","Germany","DEU",1,1.858,1.361,80,5,5,0.975,NA,NA,NA,NA,NA,12,3.279,2.035,3.013,2.74,0.895,3.337,46.857,1.942,3.141,-2.213,1.183,1,3.079,2.45,2.161,3,1.856,0.022,0.053,0.033,0.009,0.953,0.948,0.95,0.994,0.904,0.96,0.976,0.907,2.195,2.152,0.825,1.219,-0.177,1.808,1.331,0.876,0.71,0.631,0.429,2.168,2.078
"72","Guatemala","GTM",2,-1.096,-0.687,25,2,2,0.556,NA,NA,NA,NA,NA,0,0.645,1.481,0.477,1.557,0.741,1.948,47,0.43,0.843,-1.588,1.921,1,1.065,2.008,2.414,2,0.758,0.532,0.751,0.247,0.802,0.728,0.81,0.733,0.379,0.733,0.751,0.729,0.785,-1.103,-0.304,-0.745,1.449,-1.285,0.996,1.76,0.981,0.25,2.068,-1.928,0.547,1.204
"73","Iran","IRN",3,-1.085,-0.989,25,3,3,0.282,-0.691,0.557,-1.392,0,0,2,-0.227,-0.926,-1.574,-1.361,-1.865,0.326,38.833,-0.162,-1.456,1.021,0.079,0,-1.461,-1.407,-1.493,1,-0.309,0.807,0.421,0.805,0.792,0.335,0.223,0.409,0.227,0.158,0.303,0.413,0.344,-1.776,-1.864,2.344,-2.428,0.415,-1.453,-2.258,-1.06,-2.182,-1.826,1.401,1.368,-1.941
"74","Iraq","IRQ",3,-1.284,-1.327,21,3,3,0.353,NA,NA,NA,NA,NA,10,-0.971,-0.44,-0.099,0.2,-0.029,1.943,26.833,-0.343,-0.434,-0.385,3.416,1,0.205,-0.122,0.552,1,0.415,0.73,0.792,0.527,0.867,0.36,0.439,0.455,0.183,0.476,0.35,0.309,0.791,-1.968,-1.46,1.363,0.203,0.361,-0.868,-0.356,-0.517,-0.121,0.02,-0.36,1.975,-0.012
"75","Ireland","IRL",1,1.567,1.48,72,5,5,0.925,1.975,2.051,1.976,1,1,10,2.872,2.739,2.977,2.895,1.907,2.774,45,2.65,2.314,-2.655,-2.505,0,2.358,2.17,2.196,3,1.697,0.058,0.163,0.05,0.034,0.96,0.973,0.942,0.981,0.95,0.98,0.978,0.949,2.123,1.647,-0.664,2.276,-2.129,1.721,0.75,0.255,1.577,2.013,0.308,0.994,1.121
"76","Italy","ITA",1,0.539,0.4,53,5,5,0.943,NA,NA,NA,NA,NA,4,2.559,1.933,2.755,2.767,1.958,1.61,48.5,1.122,2.071,-1.436,-1.014,1,2.802,2.752,1.878,3,1.688,0.105,0.15,0.089,0.093,0.924,0.951,0.907,0.908,0.935,0.95,0.97,0.868,1.724,2.422,0.653,1.299,-1.253,0.866,1.807,1.925,2.056,2.127,1.012,1.487,2.419
"77","Jordan","JOR",3,0.07,0.115,49,3,3,0.496,-0.392,0.698,-0.601,1,1,6,0.841,0.353,0.183,-0.851,-0.334,0.912,37.875,-0.401,0.813,1.502,-0.398,0,-0.408,-0.697,-0.765,0,0.481,0.397,0.524,0.274,0.374,0.613,0.532,0.612,0.662,0.56,0.497,0.693,0.693,-1.353,0.576,2.204,-0.953,2.117,0.006,-0.146,-1.973,-0.723,-1.417,0.558,-0.592,-0.289
"78","Latvia","LVA",1,0.723,0.882,57,1,1,0.891,NA,NA,NA,NA,NA,2,2.399,2.685,2.64,2.687,1.655,1.544,69.286,1.648,2.053,-2.771,-0.785,1,2.857,2.381,2.386,3,1.54,0.068,0.192,0.033,0.077,0.952,0.955,0.94,0.947,0.917,0.962,0.974,0.886,2.858,2.543,-0.389,2.005,-1.718,1.78,1.77,1.23,1.323,2.037,-0.817,1.828,2.473
"79","Lesotho","LSO",2,-0.086,-0.912,41,4,4,0.679,NA,NA,NA,NA,NA,11,0.751,1.511,1.443,0.626,1.128,0.548,34.222,1.243,0.958,0.122,-0.871,0,0.425,0.757,1.939,2,1.07,0.3,0.544,0.165,0.373,0.804,0.848,0.863,0.661,0.883,0.791,0.86,0.777,0.117,-0.173,-1.193,0.625,-0.906,1.1,0.96,0.049,-0.128,0.182,-0.028,1.191,0.093
"80","Liberia","LBR",2,-0.873,-1.41,28,4,4,0.595,NA,NA,NA,NA,NA,0,1.417,2.303,1.911,0.565,0.437,1.508,32.6,1.851,0.211,-0.936,1.448,1,2.161,0.941,0.505,2,1.051,0.522,0.708,0.239,0.802,0.861,0.897,0.87,0.404,0.918,0.874,0.939,0.827,-0.182,0.967,0.153,0.538,1.39,0.186,0.635,1.734,0.897,0.418,-1.495,1.769,-0.432
"81","Malawi","MWI",2,-0.395,-0.794,30,4,4,0.505,-0.504,1.086,0.688,1,0,11,2.039,1.413,1.363,0.516,0.986,0.784,44.286,1.44,0.846,0.44,0.752,1,1.488,1.213,2.135,2,1.033,0.344,0.506,0.172,0.578,0.861,0.824,0.861,0.631,0.832,0.807,0.859,0.8,0.894,1.604,-0.575,1.266,-0.102,1.112,1.359,0.155,-0.327,0.622,-0.602,-0.337,0.578
"82","Maldives","MDV",2,-0.339,-0.114,43,8,6,0.657,NA,NA,NA,NA,NA,10,2.082,1.391,1.405,1.069,0.151,1.434,28.6,0.616,1.352,-1.87,-0.864,1,0.889,-0.345,-0.128,2,0.892,0.303,0.309,0.227,0.368,0.772,0.82,0.594,0.703,0.62,0.848,0.916,0.734,0.579,0.85,1.461,-0.158,0.78,0.462,0.175,0.25,-0.252,-0.216,0.343,0.886,0.077
"83","Mongolia","MNG",1,-0.464,-0.344,35,1,1,0.649,-0.298,1.377,0.298,1,1,10,3.014,1.446,1.333,1.924,0.921,1.17,60.429,0.928,0.27,-2.17,-1.513,0,1.682,1.349,1.339,2,1.11,0.362,0.496,0.195,0.581,0.883,0.902,0.85,0.63,0.856,0.906,0.976,0.76,0.651,1.368,0.41,1.569,-1.03,0.778,1.316,1.085,1.03,0.893,0.049,1.541,2.091
"84","Morocco","MAR",2,-0.352,-0.03,40,3,3,0.464,NA,NA,NA,NA,NA,2,1.783,0.465,-0.528,-0.61,0.119,0.589,46,0.057,0.303,1.202,0.007,1,0.084,0.33,1.068,0,0.356,0.435,0.521,0.351,0.311,0.619,0.529,0.571,0.55,0.441,0.527,0.641,0.638,-0.706,-0.634,1.002,-0.749,0.241,-1.053,-1.234,-1.178,-0.795,-0.74,1.173,0.546,-0.958
"85","Netherlands","NLD",1,2.033,1.853,82,5,5,0.966,NA,NA,NA,NA,NA,9,2.552,1.798,1.99,2.738,2.022,2.819,41.333,1.415,2.701,-0.816,1.17,97,1.097,2.341,2.502,3,1.739,0.018,0.018,0.021,0.016,0.937,0.93,0.913,0.986,0.882,0.925,0.936,0.931,1.686,2.632,-0.125,1.743,-1.064,1.802,1.843,1.619,1.152,2.133,0.714,1.882,2.029
"86","Panama","PAN",1,-0.514,0.072,35,2,2,0.872,NA,NA,NA,NA,NA,2,2.508,2.346,1.716,0.94,1.864,1.433,35.6,0.861,0.931,-2.514,-1.444,1,1.093,2.117,1.677,2,1.194,0.423,0.652,0.274,0.501,0.869,0.875,0.834,0.604,0.833,0.831,0.809,0.736,0.874,1.789,-0.482,0.886,-0.779,1.71,1.708,0.771,1.294,1.584,-2.223,1.367,1.442
"87","Papua New Guinea","PNG",2,-0.574,-0.847,27,9,6,0.218,NA,NA,NA,NA,NA,3,1.542,1.537,1.971,0.921,1.634,1.051,28.6,1.292,0.558,-1.292,-1.89,0,1.89,1.57,-0.817,1,0.73,0.49,0.861,0.196,0.776,0.818,0.859,0.823,0.489,0.905,0.799,0.849,0.802,1.159,1.412,-2.279,1.696,-0.917,1.234,1.482,0.493,0.723,1.266,-0.85,0.686,1.706
"88","Qatar","QAT",3,0.784,0.908,63,3,3,0,NA,NA,NA,NA,NA,13,1.793,-0.596,-0.508,-0.998,-0.807,-2.221,32.875,-1.962,-2.029,2.419,-3.011,0,-1.315,-1.156,-2.508,0,-1.157,0.733,0.823,0.715,0.382,0.434,0.13,0.318,0.524,0.19,0.166,0.17,0.046,-0.299,-0.116,2.184,-1.84,1.843,-0.762,-0.615,-0.888,-2.669,-1.442,2.853,-2.037,-2.044
"89","Sierra Leone","SLE",2,-0.36,-1.016,33,4,4,0.507,NA,NA,NA,NA,NA,6,1.109,1.518,2.166,1.77,0.787,2.452,45.8,0.883,0.126,-0.35,-1.325,0,1.743,1.324,1.849,2,0.961,0.461,0.606,0.303,0.587,0.813,0.85,0.807,0.588,0.919,0.829,0.829,0.848,0.075,0.497,-0.821,0.8,1.773,0.299,0.967,-0.349,1.281,0.74,-0.583,-0.879,0.164
"90","Spain","ESP",1,0.741,0.895,62,5,5,0.971,NA,NA,NA,NA,NA,4,3.124,2.354,2.923,2.203,1.128,2.778,44.444,2.323,1.789,-1.784,-0.524,1,2.71,1.683,1.744,3,1.668,0.044,0.088,0.039,0.025,0.948,0.955,0.922,0.985,0.964,0.937,0.903,0.891,1.994,2.168,1.149,1.635,1.035,1.915,1.05,1.423,1.388,1.438,1.08,2.684,2.127
"91","Syria","SYR",3,-1.713,-1.729,14,3,3,0,-1.908,-1.29,-3.191,0,0,7,-2.172,-2.348,-1.961,-2.742,-2.445,-2.069,32.889,-2.274,-2.664,1.617,1.21,97,-2.232,-1.545,-1.968,0,-1.213,0.953,0.751,0.922,0.926,0.082,0.051,0.153,0.058,0.075,0.038,0.045,0.079,-3.478,-3.232,2.017,-3.446,1.46,-1.01,-0.473,0.402,-1.888,-0.966,0.791,1.746,-2.696
"92","Tunisia","TUN",1,-0.068,-0.204,44,3,3,0.793,NA,NA,NA,NA,NA,NA,1.155,0.895,1.955,1.772,0.857,2.073,60.857,1.224,1.217,-1.171,-0.008,1,1.594,1.02,1.913,2,1.408,0.1,0.245,0.053,0.183,0.798,0.857,0.791,0.865,0.852,0.813,0.788,0.903,0.501,0.828,1.065,1.013,-0.565,0.746,0.251,0.32,1.847,1.299,1.452,1.488,1.233
"93","Turkey","TUR",3,-0.341,-0.044,40,3,3,0.375,NA,NA,NA,NA,NA,7,0.639,-2.042,-1.521,-1.158,-1.08,-0.649,48.375,-1.01,-1.967,1.633,-0.067,1,-1.967,-1.69,-0.726,1,-0.286,0.821,0.605,0.757,0.798,0.336,0.266,0.346,0.196,0.219,0.147,0.18,0.256,-1.878,-1.618,1.083,-2.207,0.872,-0.634,-0.956,-1.481,-1.836,-1.876,2.72,1.584,-1.552
"94","Ukraine","UKR",2,-0.784,-0.356,33,1,1,0.598,NA,NA,NA,NA,NA,5,1.156,0.635,1.744,1.102,-0.326,1.492,64.444,0.472,-0.124,-2.195,0.691,97,-0.633,-0.592,0.362,2,0.672,0.648,0.365,0.639,0.596,0.763,0.743,0.805,0.322,0.754,0.72,0.824,0.809,-0.43,-0.324,-0.416,0.155,-0.999,0.847,-0.884,0.961,-0.085,0.252,0.769,2.259,0.526
"95","United Kingdom","GBR",1,1.692,1.377,77,5,5,0.946,NA,NA,NA,NA,NA,4,2.304,2.108,2.222,2.886,0.532,2.505,51.571,2.061,2.341,-1.608,1.306,0,1.505,1.136,2.126,3,1.734,0.061,0.137,0.055,0.044,0.898,0.955,0.825,0.971,0.919,0.965,0.97,0.929,0.407,0.58,0.669,1.495,-1.039,1.742,0.864,0.832,0.927,0.771,0.85,2.184,0.953
"96","Uruguay","URY",1,1.423,0.782,71,2,2,0.946,NA,NA,NA,NA,NA,10,3.118,3.606,1.261,2.365,2.059,0.892,39.455,1.873,2.134,-2.72,-1.215,1,3.138,2.127,2.784,3,1.635,0.048,0.104,0.043,0.04,0.943,0.96,0.907,0.965,0.888,0.976,0.974,0.841,1.824,2.358,0.614,2.045,1.759,1.748,1.751,1.448,2.141,1.951,0.697,0.093,2
"97","Algeria","DZA",3,-0.642,-0.526,36,3,3,0.242,NA,NA,NA,NA,NA,5,0.747,0.079,-1.149,-0.901,-2.207,0.076,44.714,0.251,0.248,-0.634,0.397,1,-0.536,-1.782,0.214,1,-0.163,0.82,0.724,0.809,0.644,0.557,0.417,0.634,0.26,0.221,0.489,0.603,0.602,-1.486,-1.067,1.494,-1.72,1.579,-0.988,-1.744,-1.288,-2.302,-1.302,0.362,0.59,-1.37
"98","Angola","AGO",3,-0.927,-1.182,27,4,4,0.258,NA,NA,NA,NA,NA,5,1.043,0.066,-0.19,1.055,0.894,0.852,31.333,1.008,-0.757,0.205,-0.477,0,-0.183,-0.109,0.355,1,0.095,0.666,0.67,0.601,0.515,0.608,0.602,0.61,0.399,0.427,0.647,0.628,0.583,0.233,0.624,0.237,1.005,0.171,0.374,0.997,-0.277,-0.129,1.56,-0.24,0.77,1.048
"99","Armenia","ARM",2,0.032,-0.124,49,1,1,0.905,NA,NA,NA,NA,NA,11,2.66,1.608,2.324,0.704,1.874,2.212,65.714,0.858,0.067,0.731,1.96,1,1.952,0.667,2.215,1,0.953,0.341,0.23,0.313,0.314,0.908,0.898,0.911,0.729,0.929,0.864,0.936,0.879,-0.142,-0.056,-0.179,0.41,-0.305,1.425,1.831,1.814,1.118,1.073,-0.069,2.99,1.373
"100","Azerbaijan","AZE",3,-1.048,-0.17,30,1,1,0.085,-2.554,-0.305,-2.672,1,1,4,1.273,-1.274,-1.271,-1.977,-0.256,-1.796,45.667,-0.49,-1.442,2.495,0.555,0,-1.961,-1.698,-1.509,1,-0.843,0.976,0.895,0.961,0.95,0.406,0.245,0.488,0.037,0.208,0.202,0.285,0.09,-2.1,-2.004,1.404,-1.534,1.487,-1.007,-0.918,-1.891,-2.094,-0.798,1.607,-0.825,-1.474
"101","Belarus","BLR",3,-0.168,-0.729,47,1,1,0.2,-2.392,0.915,-2.598,0,0,13,-1.183,-1.574,-1.255,-2.146,-1.21,-0.365,52.143,-0.587,-1.13,2.962,3.965,1,-1.506,-2.469,0.554,1,-0.799,0.853,0.123,0.977,0.555,0.247,0.208,0.431,0.143,0.278,0.122,0.101,0.209,-2.427,-0.859,1.82,-1.485,1.472,-3.578,-1.933,0.881,-1.51,0.231,1.03,3.346,-0.767
"102","Cameroon","CMR",3,-1.131,-0.883,25,4,4,0.124,-1.568,0.665,-1.622,1,1,2,0.554,0.292,-0.851,0.009,-0.657,0.356,39.833,0.482,-0.378,1.756,1.858,0,-0.415,-0.334,-0.033,1,-0.085,0.92,0.802,0.871,0.924,0.537,0.544,0.641,0.09,0.53,0.54,0.603,0.634,0.708,0.536,1.704,0.471,1.529,-0.301,-0.096,1.416,-0.746,-1.315,-1.146,2.055,-1.417
"103","Chad","TCD",3,-1.415,-1.46,21,4,4,0.077,NA,NA,NA,NA,NA,4,-1.164,1.632,-0.758,-1.815,-1.408,0.927,16.5,0.233,-1.083,2.403,1.082,0,0.416,-0.092,1.626,1,-0.301,0.93,0.879,0.859,0.932,0.395,0.44,0.558,0.057,0.398,0.467,0.47,0.691,-1.373,-1.464,0.35,-1.673,1.816,-1.613,-1.877,-1.54,-0.67,-1.122,0.488,-1.001,-1.567
"104","China","CHN",3,-0.066,0.648,42,6,6,0,NA,NA,NA,NA,NA,2,0.395,-1.926,-1.496,-2.062,-2.045,-2.033,46.033,-2.581,-1.788,1.799,0.712,1,-1.475,-1.564,-0.884,0,-1.133,0.768,0.236,0.886,0.335,0.201,0.064,0.118,0.317,0.069,0.087,0.218,0.063,-2.528,-2.764,2.263,-2.915,2.432,-1.255,-2.224,-3.805,-3.066,-2.369,2.356,-0.464,-2.528
"105","Democratic Republic of the Congo","COD",3,-1.572,-1.693,18,4,4,0.204,NA,NA,NA,NA,NA,4,0.431,0.856,-0.291,-0.453,-0.045,1.653,34.429,0.742,-0.463,0.052,-0.7,0,-0.315,-0.374,0.414,1,0.2,0.842,0.763,0.677,0.901,0.513,0.616,0.435,0.142,0.631,0.56,0.591,0.819,-1.061,-0.85,-0.407,-0.437,0.176,-0.167,-0.591,-0.605,-0.518,-1.471,-0.971,0.265,-0.564
"106","Republic of the Congo","COG",3,-1.403,-1.435,19,4,4,0.092,NA,NA,NA,NA,NA,5,-1.949,-0.768,-0.961,-1.71,-1.502,0.078,27.2,0.244,-0.086,-1.126,-1.25,0,0.286,1.113,-0.22,1,-0.306,0.851,0.864,0.778,0.82,0.267,0.282,0.333,0.151,0.27,0.179,0.059,0.535,-0.993,-0.627,1.639,-1.866,1.146,-1.554,-0.865,-1.127,-0.897,-1.143,-0.887,0.127,-0.941
"107","Djibouti","DJI",3,-0.741,-0.677,27,4,4,0.18,NA,NA,NA,NA,NA,8,-0.223,0.229,0.026,-0.827,-2.017,-0.529,29.25,-1.078,-0.187,-0.165,-0.305,0,-0.668,-0.724,-1.436,1,-0.204,0.799,0.711,0.751,0.694,0.423,0.42,0.394,0.325,0.518,0.372,0.546,0.332,-1.077,-1.051,-0.079,-0.929,-0.573,-0.752,-1.065,-2.081,-1.242,-1.569,1.125,-0.822,-1.138
"108","Dominican Republic","DOM",2,-0.681,-0.331,28,2,2,0.56,-1.134,1.244,0.405,1,1,3,2.205,1.963,2.877,1.776,1.948,1.444,46.25,1.675,1.066,-0.361,0.894,1,1.97,2.155,1.975,2,0.962,0.643,0.79,0.314,0.616,0.906,0.93,0.886,0.547,0.927,0.924,0.955,0.905,2.039,2.491,-0.646,2.213,1.581,1.653,1.7,1.51,0.977,1.857,-1.402,2.065,2.492
"109","Eritrea","ERI",3,-1.326,-1.617,21,4,4,0,NA,NA,NA,NA,NA,7,-1.558,-1.908,-2.072,-2.461,-1.42,-2.102,25,-3.13,-2.855,0.677,-3.301,1,-2.846,-2.794,-3.29,0,-1.608,0.933,0.773,0.972,0.616,0.064,0.031,0.013,0.103,0.072,0.039,0.104,0.021,-1.888,-2.073,-0.053,-2.249,0.525,-2.43,-2.632,-2.301,-0.984,-2.209,1.081,-1.875,-2.839
"110","Gabon","GAB",3,-0.924,-0.91,30,4,4,0.219,NA,NA,NA,NA,NA,5,2.309,1.39,0.941,0.196,0.77,0.333,25.5,0.337,0.305,0.726,0.276,0,1.593,1.951,0.984,1,0.19,0.817,0.5,0.765,0.801,0.809,0.739,0.785,0.34,0.769,0.731,0.825,0.767,-0.982,-0.807,0.835,0.297,1.584,-1.928,-1.007,-1.287,-0.072,0.119,1.537,0.909,-2.002
"111","The Gambia","GMB",2,-0.343,-0.672,37,4,4,0.503,NA,NA,NA,NA,NA,2,1.741,1.276,2.123,1.164,0.761,0.155,33.571,1.006,0.909,-1.074,-0.249,1,1.629,0.932,0.899,1,0.787,0.288,0.461,0.151,0.391,0.849,0.815,0.877,0.728,0.875,0.798,0.802,0.7,0.762,1.007,0.476,0.805,1.012,1.221,1.493,0.873,1.283,1.158,0.868,0.176,0.528
"112","Georgia","GEO",2,0.596,0.788,56,1,1,0.614,-0.182,2.099,-0.075,1,1,7,2.446,1.023,3.088,1.303,1.308,1.1,51,1.095,1.744,-1.345,1.058,1,1.653,1.921,2.472,2,1.126,0.261,0.344,0.28,0.169,0.91,0.913,0.9,0.789,0.938,0.881,0.963,0.853,-1.241,-0.336,-0.708,1.089,-0.81,1.914,1.853,0.691,0.04,1.036,0.519,1.296,1.225
"113","Guinea-Bissau","GNB",2,-1.319,-1.432,19,4,4,0.629,NA,NA,NA,NA,NA,5,1.611,1.385,0.629,0.185,0.514,0.369,19,0.738,0.529,-0.334,-1.231,0,0.662,1.961,0.397,2,0.676,0.621,0.59,0.383,0.801,0.801,0.731,0.838,0.273,0.688,0.713,0.809,0.702,0.501,0.71,-1.217,0.381,-0.603,-0.212,0.205,-0.011,0.327,1.852,-1.645,-0.518,-0.028
"114","Jamaica","JAM",1,-0.007,0.414,44,10,2,0.874,1.141,-0.357,1.813,1,1,4,1.321,2.451,2.396,2.174,2.028,2.443,59.4,2.106,1.234,0.523,-1.254,0,2.566,1.624,1.935,2,1.494,0.166,0.466,0.077,0.277,0.901,0.945,0.913,0.858,0.952,0.948,0.967,0.927,2.123,2.346,-1.867,2.079,-2.407,1.625,1.635,0.855,-0.025,1.807,-0.801,-0.877,0.752
"115","Kazakhstan","KAZ",3,-0.391,0.156,38,1,1,0.287,NA,NA,NA,NA,NA,4,1.122,0.04,-0.045,-1.266,-1.102,-0.461,49.375,-1.029,-1.281,0.783,-0.68,0,-0.185,0.073,-0.406,1,-0.261,0.864,0.657,0.808,0.869,0.516,0.351,0.641,0.212,0.363,0.355,0.48,0.267,-1.52,-1.619,1.448,-1.784,2.119,-1.189,-1.353,-0.206,-1.589,-1.353,1.002,0.006,-1.12
"116","Kyrgyzstan","KGZ",3,-1.111,-0.54,31,1,1,0.306,-0.906,1.941,-0.907,1,1,8,1.182,0.223,0.427,0.445,0.496,0.851,56.667,0.959,-0.061,-0.5,2.386,1,0.371,-0.734,0.645,1,0.453,0.608,0.688,0.509,0.783,0.648,0.662,0.689,0.387,0.596,0.622,0.659,0.652,-0.727,0.242,-0.657,-0.198,0.77,0.857,1.082,1.39,0.29,0.01,-0.276,1.189,-0.184
"117","Laos","LAO",3,-1.068,-0.766,29,7,6,0.163,NA,NA,NA,NA,NA,5,-1.454,-1.665,-1.041,-1.65,-0.671,-3.067,30,-2.623,-2.359,-0.77,-2.547,1,-1.95,-2.687,-2.945,0,-0.962,0.666,0.283,0.657,0.686,0.149,0.059,0.2,0.34,0.147,0.059,0.103,0.015,-0.385,0.64,-0.77,-0.958,-0.801,0.524,0.514,0.14,-1.451,-1.12,-1.292,-2.296,-2.669
"118","Libya","LBY",3,-1.62,-2.009,17,3,3,0,NA,NA,NA,NA,NA,NA,-1.532,-0.921,1.147,1.084,0.449,1.895,35.167,0.211,0.979,-0.807,1.938,0,0.483,0.215,0.681,0,0.348,0.622,0.444,0.462,0.707,0.342,0.599,0.25,0.141,0.812,0.483,0.425,0.759,-0.723,-0.902,-1.959,1.114,-1.009,-0.22,-0.011,-0.547,0.605,0.226,-1.562,0.573,-0.023
"119","Madagascar","MDG",2,-0.972,-1.002,25,4,4,0.421,NA,NA,NA,NA,NA,3,0.95,0.785,1.901,0.898,1.347,0.34,42.429,0.424,-0.061,1.951,-0.62,0,1.197,0.391,0.803,1,0.607,0.802,0.787,0.667,0.803,0.742,0.81,0.72,0.262,0.92,0.666,0.68,0.727,-0.626,0.353,-0.574,0.912,0.212,0.68,0.94,0.106,-0.862,0.653,-2.102,-0.007,-0.749
"120","Moldova","MDA",2,-0.574,-0.456,34,1,1,0.669,0.077,1.816,-0.013,1,1,3,1.91,0.89,1.782,1.155,0.982,1.369,54.6,0.483,0.594,-1.024,0.119,1,1.182,2.218,0.469,2,0.966,0.446,0.447,0.185,0.635,0.818,0.849,0.778,0.581,0.809,0.805,0.89,0.759,0.827,0.723,-0.005,1.355,-0.82,1.661,1.675,1.576,1.187,1.682,0.401,1.261,2.163
"121","Namibia","NAM",1,0.32,0.05,51,4,4,0.642,NA,NA,NA,NA,NA,12,2.363,2.01,2.457,0.953,1.392,1.185,50,1.391,1.812,0.127,-0.789,1,0.623,0.167,0.676,2,1.021,0.279,0.311,0.194,0.32,0.874,0.882,0.865,0.796,0.924,0.837,0.849,0.853,0.262,1.018,0.412,1.364,2.147,1.292,1.733,0.108,-0.25,1.228,-0.375,0.836,1.153
"122","Palestine/West Bank","PSE",3,-0.55,-0.644,NA,3,3,0,NA,NA,NA,NA,NA,5,1.058,1.238,0.961,-0.48,-0.4,-0.671,32.75,0.244,0.443,-2.146,-0.324,NA,1.773,1.485,0.365,1,0.231,0.384,0.307,0.503,0.306,0.668,0.656,0.602,0.668,0.766,0.588,0.674,0.439,0.559,1.077,0.369,0.602,-0.297,1.233,1.232,0.51,-0.963,-0.104,-0.851,0.986,-0.803
"123","Rwanda","RWA",3,0.555,0.342,54,4,4,0.358,NA,NA,NA,NA,NA,2,-1.697,-1.458,-0.528,0.554,-1.144,-2.125,39.857,-0.104,-0.159,2.364,-1.849,1,-1.757,-0.988,-1.012,1,-0.207,0.574,0.175,0.699,0.278,0.285,0.279,0.447,0.54,0.288,0.265,0.188,0.143,-0.02,-0.758,1.488,-1.593,0.349,0.997,-0.499,-1.601,-1.826,-1.431,0.535,-2.911,-1.316
"124","Somalia","SOM",3,-1.67,-2.094,12,4,4,0,NA,NA,NA,NA,NA,4,-1.443,-0.756,0.403,0.3,0.262,0.385,21.2,-0.177,-0.899,-0.384,0.487,0,0.114,0.249,-0.09,0,0.056,0.86,0.837,0.744,0.904,0.295,0.511,0.165,0.09,0.55,0.427,0.466,0.672,-2.704,-1.507,-1.223,-0.961,-0.601,-0.822,-0.42,-0.735,-0.127,-0.038,-1.631,1.06,-0.874
"125","Sri Lanka","LKA",2,-0.312,-0.07,38,8,6,0.837,0.952,1.62,1.787,1,1,2,0.469,-0.179,-0.566,0.239,-0.515,0.27,40.667,0.595,0.635,-0.057,-0.251,0,1.084,-0.709,0.316,2,0.593,0.309,0.393,0.377,0.667,0.675,0.697,0.776,0.534,0.481,0.639,0.675,0.637,-0.921,0.005,1.012,-0.706,1.078,0.387,0.236,0.406,-0.54,0.141,0.203,0.228,-0.364
"126","Eswatini","SWZ",3,-0.455,-0.769,33,4,4,0.326,NA,NA,NA,NA,NA,5,0.86,-0.639,-0.879,-1.19,-1.111,-0.612,37.714,-1.26,-0.796,2.335,-0.072,0,-0.853,-1.324,-0.156,0,-0.418,0.635,0.464,0.657,0.468,0.351,0.134,0.42,0.328,0.167,0.199,0.183,0.175,-0.17,-1.052,0.058,-1.244,0.101,-0.327,0.165,-0.787,-1.697,-0.305,-0.557,1.075,-1.442
"127","Tajikistan","TJK",3,-1.32,-0.71,25,1,1,0.087,-2.205,-0.009,-1.95,1,1,13,-1.355,-1.792,-1.242,-1.941,-1.55,-1.284,26.833,-1.475,-2.324,2.724,-1.109,0,-1.811,-1.414,-2.859,1,-0.947,0.941,0.701,0.939,0.858,0.202,0.131,0.308,0.079,0.167,0.099,0.103,0.178,-1.956,-1.743,0.947,-2.122,0.892,-2.551,-2.362,-0.956,-1.68,-2.348,0.489,-2.664,-2.515
"128","Togo","TGO",2,-0.737,-0.691,29,4,4,0.318,-1.043,1.171,-0.473,1,1,2,0.857,2.14,0.179,1.074,-1.856,1.329,24.4,0.978,-0.129,0.234,-0.18,0,1.552,1.216,1.37,1,0.262,0.827,0.578,0.805,0.82,0.719,0.656,0.793,0.218,0.653,0.644,0.36,0.854,-1.101,-1.174,1.296,-0.439,1.234,-1.029,-0.763,-1.662,-1.249,1.719,0.791,0.702,-0.726
"129","Trinidad and Tobago","TTO",1,-0.115,0.18,40,10,2,0.826,1.005,-1.497,1.429,1,0,9,2.1,2.036,2.073,1.83,1.867,1.75,55.833,0.548,2.212,-1.17,-3.123,0,1.305,0.908,0.834,3,1.364,0.128,0.302,0.113,0.064,0.889,0.906,0.861,0.902,0.896,0.889,0.91,0.845,1.39,1.157,-1.033,1.52,-1.456,1.842,1.847,0.959,0.527,1.68,-0.969,0.409,1.273
"130","Turkmenistan","TKM",3,-1.542,-1.158,19,1,1,0.086,NA,NA,NA,NA,NA,5,-0.254,-1.901,-0.984,-2.726,-3.365,-2.629,35.2,-1.803,-2.685,2.658,-0.771,0,-2.963,-3.275,-2.893,1,-1.247,0.937,0.749,0.918,0.896,0.149,0.062,0.14,0.077,0.044,0.06,0.147,0.029,-2.572,-2.171,1.92,-3.194,1.315,-2.818,-3.394,-2.173,-2.445,-3.343,2.435,-2.267,-2.12
"131","Palestine/Gaza","PSG",3,NA,NA,NA,3,3,0,NA,NA,NA,NA,NA,13,-0.731,-0.672,-1.614,-0.906,-0.601,-0.74,31.4,0.199,-0.712,-1.755,-0.008,NA,0.396,-0.394,-0.02,0,-0.601,0.748,0.446,0.822,0.62,0.285,0.283,0.361,0.262,0.406,0.242,0.172,0.279,-0.62,-0.847,-0.62,1.241,-1.545,0.318,0.451,-0.015,-1.393,-1.273,-1.266,-0.544,-1.186
"132","Somaliland","SML",2,NA,NA,NA,4,4,0.493,NA,NA,NA,NA,NA,2,1.572,0.643,1.054,0.551,-0.368,0.758,16.25,1.494,-0.325,-0.949,0.132,NA,1.436,0.461,0.311,1,0.538,0.674,0.7,0.625,0.504,0.701,0.711,0.562,0.369,0.688,0.694,0.729,0.651,-0.704,-0.04,0.267,-0.208,0.74,-0.223,0.702,0.074,-0.677,-0.149,-0.76,-0.47,-0.148
"133","Uzbekistan","UZB",3,-1.051,-0.507,26,1,1,0.278,NA,NA,NA,NA,NA,8,0.931,-0.479,-0.639,-1.397,-1.606,-0.851,36.286,-1.215,-0.702,0.423,-0.158,1,-0.328,-0.953,-1.025,0,-0.478,0.884,0.708,0.891,0.689,0.415,0.257,0.335,0.195,0.277,0.297,0.576,0.222,-1.126,-1.162,1.249,-1.699,1.926,-1.124,-0.96,-0.888,-1.836,-1.024,2.218,-0.909,-1.538
"134","Austria","AUT",1,1.51,1.655,76,5,5,0.931,NA,NA,NA,NA,NA,10,2.845,2.605,2.313,2.524,1.904,2.695,46.667,0.77,2.459,-1.073,-0.802,1,2.998,2.217,2.422,3,1.564,0.064,0.082,0.063,0.043,0.909,0.941,0.819,0.961,0.906,0.951,0.978,0.902,1.204,1.457,-0.578,1.917,-1.43,1.711,1.735,1.284,0.957,1.999,0.292,2.133,2.543
"135","Bahrain","BHR",3,-0.066,0.429,42,3,3,0.222,NA,NA,NA,NA,NA,0,-0.112,-2.448,-1.736,-2.355,-0.334,-1.376,41.4,-2.643,-1.812,2.443,-1.248,97,-2.885,-2.119,-1.918,0,-0.825,0.907,0.534,0.927,0.733,0.246,0.097,0.303,0.16,0.087,0.088,0.295,0.112,-1.58,-1.693,1.527,-2.357,1.441,-0.883,0.486,-0.859,-1.769,-0.934,0.374,1.654,-2.928
"136","Barbados","BRB",1,1.226,0.489,64,10,2,0.869,NA,NA,NA,NA,NA,3,2.608,2.153,2.015,1.841,2,1.669,49,0.755,1.892,1.631,-1.29,0,2.441,1.551,1.273,3,1.375,0.122,0.311,0.083,0.089,0.924,0.928,0.92,0.926,0.89,0.93,0.961,0.876,1.17,1.287,-0.977,1.332,-1.598,1.788,1.261,1.077,0.941,1.094,-0.848,-0.108,1.83
"137","Belgium","BEL",1,1.478,1.124,76,5,5,0.968,NA,NA,NA,NA,NA,2,3.049,3.185,2.832,3.516,1.945,2.636,36.167,2.159,3.261,-2.7,-0.283,1,2.73,2.699,1.437,3,1.726,0.042,0.054,0.051,0.015,0.949,0.96,0.919,0.984,0.906,0.974,0.955,0.944,2.449,2.52,0.192,2.552,-0.818,1.839,1.868,1.803,0.707,2.035,1.423,0.619,2.607
"138","Bosnia and Herzegovina","BIH",2,-0.604,-0.975,35,1,1,0.558,NA,NA,NA,NA,NA,6,1.72,0.551,1.729,0.639,1.897,1.37,56.75,-0.322,0.521,-1.214,-0.975,0,-0.055,0.991,0.657,2,0.724,0.594,0.808,0.327,0.734,0.815,0.762,0.847,0.367,0.905,0.607,0.608,0.73,-0.346,0.582,-1.242,1.841,-1.309,1.828,1.752,1.573,1.334,0.691,-0.866,0.629,0.788
"139","Bulgaria","BGR",1,-0.272,-0.072,44,1,1,0.733,NA,NA,NA,NA,NA,3,2.223,1.405,1.484,0.82,1.926,0.414,65.778,0.155,0.345,-0.448,3.116,1,1.7,2.175,1.646,2,1.104,0.302,0.504,0.168,0.503,0.862,0.808,0.885,0.65,0.818,0.753,0.859,0.64,0.977,1.704,-0.156,2.046,-1.214,1.797,1.836,0.892,1.261,1.417,-0.132,1.581,1.651
"140","Comoros","COM",2,-1.193,-1.593,21,4,4,0.096,-1.757,0.712,-2.486,1,1,13,0.74,1.534,0.459,0.324,1.02,1.157,28,0.286,0.073,0.776,0.283,0,0.502,-0.266,-1.434,1,-0.113,0.886,0.739,0.833,0.858,0.575,0.696,0.51,0.169,0.714,0.636,0.527,0.659,-0.749,-0.833,1.296,-0.816,1.444,0.062,0.462,0.315,-0.357,-0.246,-1.268,-0.379,-0.601
"141","Croatia","HRV",1,0.201,0.438,47,1,1,0.927,1.471,2.293,1.437,1,1,6,2.866,1.076,1.271,1.026,1.122,1.936,56.5,1.062,1.478,-1.45,-0.067,1,1.699,1.883,1.005,2,1.278,0.16,0.236,0.102,0.232,0.85,0.824,0.796,0.822,0.774,0.784,0.836,0.834,1.092,1.512,-0.663,1.43,-1.321,1.212,1.395,1.49,0.961,0.949,0.051,1.172,1.076
"142","Cuba","CUB",3,-0.127,-0.168,47,2,2,0.327,NA,NA,NA,NA,NA,2,1.654,-1.747,-1.342,-1.919,-2.698,-1.86,50.6,-0.97,-2.085,0.449,1.242,0,-1.343,-2.193,-0.503,0,-0.953,0.722,0.535,0.806,0.323,0.404,0.056,0.354,0.249,0.046,0.11,0.103,0.061,-3.145,-1.896,2.206,-3.317,1.744,-0.853,-1.164,-1.796,-2.155,-0.982,2.556,-0.104,-0.804
"143","Cyprus","CYP",1,0.378,0.883,57,5,5,0.92,NA,NA,NA,NA,NA,3,3.185,2.293,2.321,0.911,1.934,1.794,48.571,0.647,2.519,-2.495,-0.816,0,2.878,2.652,1.819,3,1.39,0.149,0.257,0.107,0.173,0.901,0.912,0.834,0.884,0.916,0.869,0.933,0.882,1.269,2.07,-1.644,1.815,-1.455,1.899,1.78,1.772,1.485,0.608,1.912,-0.741,1.4
"144","Czech Republic","CZE",1,0.585,0.957,54,1,1,0.912,NA,NA,NA,NA,NA,2,3.157,2.076,3.306,1.368,1.625,1.102,38.571,1.42,1.974,-0.863,-0.501,1,2.443,2.773,2.088,2,1.426,0.156,0.156,0.093,0.297,0.916,0.925,0.85,0.839,0.919,0.915,0.951,0.815,0.454,0.911,-1.7,1.76,-2.197,1.848,1.937,2.208,1.164,1.555,-0.865,1.775,2.634
"145","Denmark","DNK",1,2.27,1.891,88,5,5,0.952,NA,NA,NA,NA,NA,9,3.323,2.619,2.782,3.272,2.015,3.013,45.25,3.079,3.286,-1.567,-0.226,0,1.88,1.169,3.16,3,2.003,0.007,0.04,0.012,0.002,0.943,0.982,0.883,0.997,0.969,0.987,0.983,0.971,2.67,2.416,-0.942,2.336,0.9,1.773,1.739,1.489,2.096,1.94,2.052,2.11,2.529
"146","Equatorial Guinea","GNQ",3,-1.685,-1.471,16,4,4,0.052,NA,NA,NA,NA,NA,2,-0.717,-2.333,-1.723,-1.19,-2.04,-1.714,34.5,-1.44,-1.983,1.776,-2.375,0,-2.087,-1.767,-1.598,1,-0.82,0.968,0.801,0.967,0.93,0.229,0.166,0.331,0.043,0.185,0.136,0.258,0.125,-0.819,-1.168,1.01,-1.503,1.243,-1.554,-2.293,-0.937,-2.059,-1.841,-1.23,-1.109,-2.689
"147","Estonia","EST",1,1.613,1.343,75,1,1,0.957,NA,NA,NA,NA,NA,9,3.003,2.04,2.921,3.124,1.932,2.828,57.4,2.448,2.49,-2.865,-0.536,1,2.013,2.356,1.517,3,1.825,0.041,0.065,0.034,0.041,0.956,0.964,0.944,0.981,0.955,0.967,0.95,0.961,1.055,1.634,0.881,2.137,1.044,1.681,1.742,1.961,1.475,1.855,2.458,0.991,2.396
"148","Fiji","FJI",2,0.639,0.302,NA,9,6,0.451,NA,NA,NA,NA,NA,5,1.973,0,0.885,-0.018,-0.169,0.035,33.333,-1.199,1.459,0.028,-1.147,1,-0.05,0.535,-0.057,1,0.386,0.464,0.431,0.466,0.284,0.699,0.602,0.72,0.647,0.749,0.455,0.515,0.574,0.227,0.471,-0.788,0.538,-1.062,0.911,0.777,0.575,-0.417,-0.11,0.254,-1.145,0.527
"149","Finland","FIN",1,2.204,1.949,85,5,5,0.967,NA,NA,NA,NA,NA,10,3.176,2.809,2.477,2.915,1.907,2.839,58,2.547,3.115,-2.236,-0.758,1,2.053,1.227,1.715,3,1.836,0.017,0.039,0.022,0.01,0.963,0.961,0.946,0.992,0.904,0.981,0.971,0.952,2.75,2.49,-0.575,2.249,-0.942,1.702,1.694,1.939,2.067,1.839,0.001,1.397,2.504
"150","Greece","GRC",1,0.06,0.444,50,5,5,0.958,NA,NA,NA,NA,NA,0,2.849,1.605,2.833,1.33,1.19,1.36,42,1.328,1.615,-2.573,1.016,1,1.899,1.899,3.071,3,1.525,0.158,0.118,0.115,0.22,0.921,0.924,0.881,0.887,0.952,0.88,0.949,0.792,1.012,1.179,0.297,1.823,-0.042,1.756,1.693,1.536,1.53,1.599,0.88,-0.12,2.439
"151","Guyana","GUY",1,-0.15,-0.438,41,10,2,0.537,-1.313,-0.236,-0.323,1,1,3,2.6,1.817,1.833,0.825,1.531,0.345,50.333,1.202,2.147,-0.534,0.456,0,1.45,0.145,0.78,2,0.875,0.414,0.547,0.276,0.412,0.9,0.902,0.872,0.633,0.894,0.871,0.948,0.776,-0.681,0.37,-0.124,1.255,0.424,1.662,1.111,0.476,-0.262,0.862,-1.148,0.374,0.707
"152","Hong Kong","HKG",2,1.65,1.662,77,6,6,0.688,NA,NA,NA,NA,NA,3,1.626,0.255,-0.769,-0.234,0.429,0.833,60.667,-0.663,1.306,-2.15,-0.19,NA,-0.56,-0.468,0.588,0,0.199,0.376,0.368,0.445,0.094,0.727,0.564,0.809,0.796,0.352,0.47,0.55,0.654,-2.212,-2.232,-0.708,-0.156,-1.289,0.523,0.706,-0.502,-0.069,-1.347,1.132,0.977,-1.409
"153","Iceland","ISL",1,1.7,1.524,75,5,5,0.924,2.14,1.713,1.765,1,0,2,3.238,1.989,2.881,2.874,1.93,2.391,43.75,0.848,2.665,-3.035,-0.606,0,2.406,0.57,0.425,3,1.466,0.044,0.051,0.062,0.013,0.962,0.953,0.954,0.982,0.979,0.929,0.922,0.925,1.763,2.258,1.907,1.952,2.029,1.502,1.511,1.807,2.447,1.726,0.455,-0.377,2.253
"154","Israel","ISR",1,0.566,1.096,60,3,3,0.878,1.04,1.521,1.618,1,0,5,1.954,2.36,0.945,0.542,1.098,1.714,47,0.943,1.282,-2.391,-0.067,0,2.592,2.906,1.91,3,1.32,0.126,0.145,0.1,0.183,0.85,0.844,0.836,0.908,0.694,0.872,0.93,0.866,0.422,-0.049,-0.672,0.293,-0.435,0.776,1.351,0.699,-1.006,0.351,1.404,2.258,1.331
"155","Kuwait","KWT",2,-0.065,-0.158,42,3,3,0.774,0.329,1.306,0.926,1,1,3,1.623,0.253,0.078,0.129,-0.534,0.825,40,0.184,0.186,1.653,-1.022,0,-0.156,0.354,0.282,0,0.456,0.383,0.637,0.26,0.398,0.552,0.359,0.565,0.668,0.452,0.532,0.469,0.66,-0.628,0.454,1.522,-0.551,1.391,0.569,1.404,0.659,-0.768,-1.251,1.634,0.336,-0.464
"156","Lithuania","LTU",1,0.808,1.059,60,1,1,0.919,1.736,2.157,1.614,1,1,6,2.906,1.661,2.219,2.276,1.899,2.598,59,2.083,2.933,-2.468,-0.925,1,2.262,1.548,1.513,2,1.515,0.05,0.168,0.029,0.043,0.926,0.904,0.921,0.954,0.838,0.909,0.834,0.941,2.672,1.783,-0.634,2.473,-1.864,1.723,1.782,2.124,2.222,1.929,1.642,-0.052,2.46
"157","Luxembourg","LUX",1,2.058,1.842,80,5,5,0.956,NA,NA,NA,NA,NA,6,2.373,2.667,2.732,3.057,1.711,2.346,41,2.101,2.767,-2.897,-0.691,0,2.618,1.501,1.867,3,1.727,0.054,0.053,0.093,0.012,0.927,0.959,0.869,0.977,0.961,0.964,0.96,0.942,1.26,1.83,1.092,2.42,0.687,1.726,1.712,0.873,1.899,1.858,2.186,-0.134,2.397
"158","North Macedonia","MKD",2,-0.423,0.138,35,1,1,0.67,-0.093,1.137,0.474,1,1,3,2.324,1.487,2.458,1.03,1.666,1.293,60,0.084,0.113,-1.177,-0.577,1,1.863,0.832,1.116,2,0.866,0.565,0.613,0.411,0.678,0.832,0.82,0.819,0.437,0.865,0.744,0.772,0.747,0.733,0.827,-0.561,0.58,-0.799,1.502,1.588,1.12,-0.393,0.757,0.069,0.674,1.271
"159","Malaysia","MYS",2,0.249,1.041,51,7,6,0.476,NA,NA,NA,NA,NA,2,1.604,-0.15,0.924,0.096,0.261,0.49,58,0.397,0.304,1.971,-1.056,0,-0.138,-0.068,1.087,1,0.399,0.464,0.431,0.328,0.507,0.691,0.625,0.69,0.63,0.648,0.546,0.585,0.485,0.179,0.393,0.917,0.361,1.031,0.721,0.56,-0.784,-0.802,0.05,3.197,2.069,-0.362
"160","Malta","MLT",1,0.371,1.039,53,5,5,0.891,NA,NA,NA,NA,NA,10,2.245,1.298,2.025,1.374,1.879,0.618,37,0.882,0.817,0.181,-1.131,0,2.693,0.708,1.468,2,1.225,0.212,0.238,0.131,0.31,0.896,0.887,0.886,0.837,0.932,0.796,0.844,0.853,-0.782,1.07,-0.971,1.376,-1.056,1.645,1.675,0.688,-0.028,1.796,0.612,1.552,1.781
"161","Mauritius","MUS",1,0.474,0.866,53,4,4,0.584,NA,NA,NA,NA,NA,6,0.478,0.506,1.37,0.639,0.711,2.212,45.833,1.352,1.65,0.713,1.781,0,0.661,-0.152,0.717,2,1.083,0.347,0.481,0.176,0.603,0.83,0.842,0.844,0.651,0.893,0.784,0.86,0.903,-1.037,0.624,1.483,0.211,0.018,1.563,0.869,0.288,-1.319,-0.355,0.989,0.805,-0.331
"162","Montenegro","MNE",2,-0.003,-0.015,45,1,1,0.361,-0.619,2.237,-0.485,1,1,2,1.672,0.33,1.706,0.281,1.36,0.352,55.8,0.912,0.311,-0.347,3.193,1,0.574,0.311,0.746,1,0.739,0.44,0.659,0.269,0.618,0.763,0.809,0.665,0.647,0.848,0.69,0.835,0.718,-0.442,-0.633,-1.057,0.978,-1.748,1.664,1.433,1.383,-0.285,0.934,-0.219,0.391,0.503
"163","New Zealand","NZL",1,2.15,1.589,88,5,5,0.967,2.219,1.668,2.005,1,0,9,3.205,2.444,2.607,2.8,1.948,2.845,53.667,2.067,2.74,0.683,-1.574,0,1.91,1.021,1.581,3,1.78,0.013,0.029,0.016,0.007,0.958,0.965,0.929,0.994,0.94,0.969,0.981,0.894,2.169,2.483,0.721,1.071,0.652,1.731,1.754,2.011,2.041,1.479,0.378,1.236,2.519
"164","Norway","NOR",1,2.1,1.937,84,5,5,0.968,NA,NA,NA,NA,NA,2,3.209,3.167,2.808,2.482,1.929,2.803,46.8,2.503,2.789,-2.493,-1.116,0,2.411,0.918,1.249,3,1.908,0.011,0.022,0.015,0.007,0.925,0.965,0.831,0.991,0.977,0.967,0.912,0.951,2.625,1.76,-1.099,2.321,-0.927,1.556,1.846,0.758,2.041,1.995,0.61,1.329,2.588
"165","Oman","OMN",3,0.231,0.142,54,3,3,0.703,NA,NA,NA,NA,NA,5,1.296,-0.643,-1.097,-0.977,-1.728,-2.066,27.6,-1.743,-1.046,2.232,-2.435,0,-0.92,-0.342,-1.188,0,-0.259,0.525,0.497,0.572,0.252,0.448,0.152,0.466,0.653,0.179,0.216,0.303,0.084,-0.263,0.098,0.974,-1.916,1.223,-0.567,-0.613,-2.078,-1.927,-1.385,1.293,-0.787,-1.683
"166","Paraguay","PRY",2,-0.871,-0.466,28,2,2,0.621,NA,NA,NA,NA,NA,2,1.491,1.82,1.189,1.564,1.26,1.145,37,0.017,-0.211,-1.548,0.348,1,0.96,0.3,1.184,2,0.854,0.56,0.701,0.324,0.755,0.813,0.809,0.776,0.434,0.786,0.772,0.815,0.705,-0.104,0.64,-2.307,1.979,-2.018,1.466,1.628,1.145,1.741,1.581,-1.364,1.238,1.07
"167","Romania","ROU",1,-0.029,-0.221,44,1,1,0.91,1.106,2.033,2.282,1,1,10,3.003,1.698,2.097,1.9,2.002,2.409,52.429,1.712,0.813,-2.964,-1.174,1,2.174,1.466,1.454,2,1.323,0.357,0.337,0.121,0.279,0.876,0.897,0.813,0.759,0.864,0.885,0.893,0.913,1.999,1.816,0.494,0.788,-1.396,1.033,1.762,1.174,1.019,0.804,0.187,0.815,2.525
"168","Sao Tome and Principe","STP",1,0.164,-0.645,47,4,4,0.845,NA,NA,NA,NA,NA,8,2.251,1.806,1.936,1.363,1.115,0.485,32.857,0.832,0.307,-0.181,-1.351,1,0.933,0.512,-0.066,2,1.16,0.267,0.416,0.213,0.313,0.906,0.868,0.915,0.746,0.793,0.872,0.91,0.654,1.868,2.001,-1.623,1.795,-1.062,0.927,1.364,0.546,1.356,1.428,-1.565,-1.267,0.022
"169","Saudi Arabia","SAU",3,0.269,0.146,53,3,3,0,NA,NA,NA,NA,NA,10,-1.121,-1.231,-1.073,-1.63,-1.349,-1.353,26.333,-1.911,-1.609,2.278,-1.079,0,-1.869,-2.008,-2.731,0,-1.229,0.758,0.64,0.785,0.45,0.143,0.073,0.162,0.362,0.122,0.105,0.172,0.093,-2.019,-2.217,2.401,-2.624,1.05,-1.351,-1.56,-1.909,-2.721,-1.294,1.485,-0.955,-2.017
"170","Serbia","SRB",2,-0.426,0.032,38,1,1,0.384,-1.142,0.603,-0.789,1,1,3,1.537,0.809,0.542,-1.099,0.42,-0.569,51.667,-0.754,-0.884,1.56,0.754,1,1.45,1.418,0.92,1,0.254,0.547,0.649,0.401,0.641,0.76,0.603,0.84,0.477,0.667,0.519,0.774,0.323,-2.044,-1.401,-0.045,0.476,-0.803,1.271,1.241,1.673,-0.396,0.299,-0.808,1.979,0.52
"171","Seychelles","SYC",1,1.23,0.512,66,4,4,0.7,1.574,0.413,1.618,1,1,9,1.247,1.753,1.211,0.36,-0.007,0.754,27.75,0.755,0.423,0.555,-2.353,0,1.928,1.683,0.951,3,1.075,0.201,0.328,0.118,0.19,0.811,0.817,0.785,0.885,0.829,0.793,0.708,0.61,1.828,1.461,0.623,0.596,1.063,0.945,1.038,0.521,0.546,1.207,0.406,-0.642,0.484
"172","Singapore","SGP",2,2.152,2.335,85,7,6,0.762,2.061,0.239,0.159,1,0,6,2.968,-0.128,0.247,-1.099,-0.158,-1.157,49.167,-0.925,1.283,0.572,-2.879,0,0.075,0.969,-0.977,1,0.266,0.146,0.205,0.314,0.006,0.725,0.455,0.788,0.976,0.347,0.362,0.51,0.292,0.796,0.421,2.749,-0.525,2.234,1.355,1.341,-0.807,-1.195,-0.98,2.17,-1.65,-0.964
"173","Slovakia","SVK",1,0.445,0.544,49,1,1,0.935,2.092,1.907,1.786,1,0,4,1.978,2.132,1.464,2.601,1.846,2.598,45.333,2.029,1.791,-0.987,-0.282,1,2.731,2.213,2.456,2,1.597,0.14,0.145,0.046,0.212,0.888,0.929,0.854,0.879,0.818,0.938,0.95,0.92,1.591,2.148,-1.452,2.266,-3.038,1.875,1.956,2.182,2.135,2.071,-0.749,1.587,1.992
"174","Slovenia","SVN",1,0.807,1.166,60,1,1,0.937,NA,NA,NA,NA,NA,10,2.911,1.475,0.983,-0.112,2.131,1.489,60,1.828,0.933,-0.26,2.699,1,2.011,1.864,2.951,2,1.284,0.206,0.202,0.14,0.311,0.876,0.816,0.855,0.859,0.764,0.775,0.853,0.79,-0.803,-0.08,-1.185,2.295,-2.187,1.773,1.851,1.273,1.566,1.984,0.388,1.814,1.886
"175","Solomon Islands","SLB",1,0.097,-0.913,42,9,6,0.625,NA,NA,NA,NA,NA,8,1.894,1.917,1.929,0.988,0.117,1.459,27.6,0.911,0.809,-2.139,-2.417,0,1.064,1.42,0.814,2,0.945,0.481,0.8,0.219,0.685,0.828,0.861,0.762,0.583,0.86,0.82,0.82,0.808,0.71,2.007,-3.021,1.011,-2.062,0.251,0.483,1,1.129,0.487,-2.261,-0.114,1.732
"176","Vanuatu","VUT",1,-0.149,-0.461,43,9,6,0.849,1.003,0.125,1.526,1,1,8,2.725,2.19,3.022,0.113,1.787,0.777,45.75,1.138,2.69,-1.204,-2.094,0,2.36,2.32,0.505,2,1.304,0.208,0.476,0.084,0.358,0.861,0.886,0.786,0.812,0.952,0.8,0.832,0.871,1.931,0.989,-1.883,1.736,-2,1.739,1.78,0.794,1.209,1.434,-1.412,0.335,1.648
"177","United Arab Emirates","ARE",3,1.114,1.326,71,3,3,0.516,NA,NA,NA,NA,NA,5,1.495,-0.643,-1.484,-1.369,-2.08,-2.454,41.2,-1.913,-1.344,1.522,-3.107,0,-1.79,-1.519,-2.764,0,-0.667,0.622,0.446,0.809,0.125,0.389,0.106,0.302,0.721,0.16,0.161,0.389,0.026,-1.238,-1.322,2.287,-3.715,0.312,-0.952,-1.686,-1.827,-2.125,-2.11,2.248,-2.524,-2.604
"178","Hungary","HUN",2,0.097,0.581,44,1,1,0.622,NA,NA,NA,NA,NA,3,3.117,0.027,0.118,0.148,1.821,-0.204,40.25,-0.283,-0.091,-0.328,0.808,1,-0.501,-0.231,1.921,1,0.487,0.451,0.564,0.283,0.666,0.822,0.646,0.87,0.659,0.468,0.599,0.774,0.421,-1.029,-1.216,0.386,0.99,0.036,1.786,1.834,1.35,0.964,1.007,1.058,2.022,1.86
"179","Zanzibar","ZZB",NA,NA,NA,NA,4,4,0.104,-2.17,-0.827,-2.77,1,1,2,0.834,-0.624,-0.574,-0.915,-0.738,-0.195,32.5,-0.072,0.967,0.218,-0.525,NA,-0.718,-0.256,-1.356,1,-0.17,0.687,0.51,0.591,0.756,0.559,0.397,0.665,0.281,0.408,0.342,0.376,0.474,-0.522,0.722,0.827,0.628,1.885,-0.006,-0.194,0.14,-1.461,-1.24,1.691,-0.659,-1.346
