Comission;Voters;Com_Ballots;Home_Ballots;Home_B_Box;Com_B_Box;Invalid;Rodina;Kommunisty_Rossii;Pensionery;United_Russia;Zelenye;Civic_Platform;LDPR;PARNAS;Partiia_Rosta;Civic_Power;YABLOKO;KPRF;Patriots_of_Russia;A_Just_Russia
”»  π1;2948†;2767†;14†;14†;2767†;1†;0.0040;0.0011;0.0022;0.9561;0.0093;0.0000;0.0004;0.0000;0.0047;0.0029;0.0007;0.0000;0.0004;0.0180
”»  π2;2507†;2365†;13†;13†;2365†;1†;0.0042;0.0067;0.0000;0.9504;0.0071;0.0000;0.0000;0.0000;0.0063;0.0008;0.0000;0.0004;0.0000;0.0235
”»  π3;2691†;2554†;12†;12†;2554†;2†;0.0023;0.0047;0.0008;0.9571;0.0117;0.0004;0.0000;0.0000;0.0047;0.0016;0.0004;0.0000;0.0000;0.0156
”»  π4;1722†;1581†;11†;11†;1581†;0†;0.0019;0.0013;0.0025;0.9617;0.0113;0.0019;0.0000;0.0000;0.0044;0.0006;0.0000;0.0000;0.0006;0.0138
”»  π5;2492†;2369†;12†;12†;2369†;2†;0.0004;0.0046;0.0000;0.9509;0.0143;0.0000;0.0004;0.0000;0.0021;0.0013;0.0008;0.0000;0.0004;0.0239
”»  π6;1345†;1280†;6†;6†;1280†;0†;0.0070;0.0054;0.0023;0.9635;0.0070;0.0000;0.0000;0.0000;0.0047;0.0000;0.0000;0.0008;0.0000;0.0093
”»  π7;1735†;1640†;7†;7†;1640†;1†;0.0030;0.0024;0.0006;0.9660;0.0128;0.0006;0.0000;0.0000;0.0036;0.0043;0.0006;0.0000;0.0000;0.0055
”»  π8;1342†;1249†;4†;4†;1249†;1†;0.0088;0.0080;0.0032;0.9385;0.0144;0.0000;0.0008;0.0000;0.0024;0.0040;0.0008;0.0000;0.0008;0.0176
”»  π9;718†;685†;3†;3†;685†;0†;0.0087;0.0087;0.0029;0.9157;0.0218;0.0000;0.0000;0.0000;0.0073;0.0044;0.0000;0.0000;0.0015;0.0291
”»  π10;1739†;1640†;7†;7†;1640†;1†;0.0024;0.0067;0.0006;0.9666;0.0067;0.0000;0.0000;0.0000;0.0012;0.0018;0.0000;0.0012;0.0000;0.0121
”»  π11;1553†;1457†;6†;6†;1457†;1†;0.0014;0.0062;0.0007;0.9604;0.0089;0.0007;0.0000;0.0000;0.0027;0.0014;0.0007;0.0000;0.0007;0.0157
”»  π12;1064†;979†;3†;3†;979†;0†;0.0031;0.0081;0.0000;0.9735;0.0041;0.0000;0.0000;0.0000;0.0000;0.0000;0.0000;0.0031;0.0010;0.0071
”»  π13;1151†;1064†;4†;4†;1064†;1†;0.0037;0.0047;0.0019;0.9813;0.0009;0.0009;0.0000;0.0000;0.0009;0.0000;0.0000;0.0019;0.0009;0.0019
”»  π14;1228†;1177†;6†;6†;1177†;1†;0.0017;0.0051;0.0000;0.9552;0.0085;0.0000;0.0008;0.0000;0.0025;0.0017;0.0000;0.0000;0.0017;0.0220
”»  π15;1283†;1213†;5†;5†;1213†;0†;0.0049;0.0082;0.0008;0.9581;0.0074;0.0000;0.0000;0.0000;0.0016;0.0008;0.0000;0.0025;0.0008;0.0148
”»  π16;1496†;1425†;7†;7†;1425†;1†;0.0028;0.0084;0.0007;0.9658;0.0063;0.0007;0.0000;0.0000;0.0028;0.0007;0.0000;0.0000;0.0007;0.0105
”»  π17;1349†;1236†;8†;8†;1236†;1†;0.0024;0.0024;0.0024;0.9735;0.0056;0.0000;0.0000;0.0000;0.0024;0.0008;0.0000;0.0016;0.0000;0.0080
”»  π18;1762†;1651†;11†;11†;1651†;1†;0.0054;0.0054;0.0006;0.9705;0.0054;0.0000;0.0006;0.0000;0.0006;0.0000;0.0006;0.0000;0.0006;0.0096
”»  π19;1619†;1530†;9†;9†;1530†;1†;0.0019;0.0091;0.0013;0.9701;0.0052;0.0006;0.0000;0.0000;0.0026;0.0006;0.0000;0.0000;0.0000;0.0078
”»  π20;1901†;1730†;10†;10†;1730†;1†;0.0011;0.0161;0.0000;0.9644;0.0052;0.0000;0.0000;0.0000;0.0011;0.0006;0.0000;0.0006;0.0011;0.0092
”»  π21;2117†;1953†;12†;12†;1953†;1†;0.0036;0.0081;0.0005;0.9628;0.0087;0.0000;0.0005;0.0000;0.0005;0.0000;0.0010;0.0000;0.0000;0.0137
”»  π22;1451†;1346†;11†;11†;1346†;1†;0.0022;0.0125;0.0007;0.9609;0.0103;0.0000;0.0000;0.0000;0.0000;0.0000;0.0000;0.0007;0.0000;0.0118
”»  π23;1978†;1828†;13†;13†;1828†;1†;0.0027;0.0071;0.0000;0.9576;0.0087;0.0000;0.0000;0.0000;0.0033;0.0016;0.0000;0.0000;0.0000;0.0185
”»  π24;2992†;2875†;14†;14†;2875†;1†;0.0024;0.0087;0.0031;0.9585;0.0059;0.0003;0.0003;0.0000;0.0035;0.0007;0.0003;0.0000;0.0010;0.0149
”»  π25;2559†;2408†;11†;11†;2408†;1†;0.0037;0.0074;0.0029;0.9665;0.0074;0.0000;0.0000;0.0000;0.0008;0.0017;0.0000;0.0000;0.0000;0.0091
”»  π26;1761†;1629†;12†;12†;1629†;1†;0.0030;0.0091;0.0000;0.9604;0.0085;0.0000;0.0000;0.0000;0.0006;0.0000;0.0006;0.0000;0.0012;0.0158
”»  π27;2394†;2196†;11†;11†;2196†;1†;0.0005;0.0059;0.0014;0.9588;0.0082;0.0000;0.0000;0.0000;0.0014;0.0000;0.0000;0.0000;0.0000;0.0236
”»  π28;2965†;2780†;13†;13†;2780†;1†;0.0014;0.0093;0.0004;0.9599;0.0093;0.0007;0.0000;0.0000;0.0021;0.0011;0.0004;0.0011;0.0004;0.0136
”»  π29;917†;837†;5†;5†;837†;0†;0.0012;0.0214;0.0000;0.9513;0.0095;0.0000;0.0000;0.0000;0.0000;0.0012;0.0000;0.0000;0.0012;0.0143
”»  π30;1039†;964†;4†;4†;964†;0†;0.0021;0.0134;0.0041;0.9649;0.0041;0.0010;0.0000;0.0000;0.0021;0.0000;0.0000;0.0021;0.0000;0.0062
”»  π31;1144†;1068†;4†;4†;1068†;1†;0.0037;0.0149;0.0009;0.9552;0.0065;0.0000;0.0000;0.0000;0.0037;0.0009;0.0000;0.0000;0.0009;0.0121
”»  π32;321†;296†;1†;1†;296†;0†;0.0067;0.0438;0.0067;0.9293;0.0000;0.0000;0.0000;0.0000;0.0034;0.0034;0.0000;0.0067;0.0000;0.0000
”»  π33;2425†;2267†;9†;9†;2267†;1†;0.0013;0.0088;0.0004;0.9728;0.0044;0.0004;0.0000;0.0000;0.0022;0.0009;0.0000;0.0004;0.0000;0.0079
”»  π34;1055†;983†;14†;14†;983†;1†;0.0020;0.0160;0.0000;0.9589;0.0060;0.0010;0.0000;0.0000;0.0020;0.0010;0.0000;0.0000;0.0010;0.0110
”»  π35;749†;723†;8†;8†;723†;0†;0.0041;0.0137;0.0000;0.9494;0.0150;0.0000;0.0014;0.0000;0.0041;0.0014;0.0000;0.0000;0.0014;0.0096
”»  π36;206†;194†;0†;0†;194†;0†;0.0052;0.0155;0.0052;0.9278;0.0206;0.0000;0.0000;0.0000;0.0052;0.0000;0.0000;0.0000;0.0103;0.0103
”»  π37;193†;185†;1†;1†;185†;0†;0.0108;0.0215;0.0000;0.9086;0.0269;0.0000;0.0000;0.0000;0.0108;0.0054;0.0054;0.0000;0.0000;0.0108
”»  π38;1097†;1044†;8†;8†;1044†;0†;0.0029;0.0086;0.0010;0.9610;0.0171;0.0000;0.0000;0.0000;0.0038;0.0000;0.0000;0.0000;0.0000;0.0057
”»  π39;1240†;1200†;11†;11†;1200†;1†;0.0033;0.0066;0.0000;0.9670;0.0132;0.0000;0.0008;0.0000;0.0025;0.0000;0.0000;0.0000;0.0000;0.0058
”»  π40;1006†;979†;4†;4†;979†;0†;0.0020;0.0031;0.0000;0.9603;0.0224;0.0000;0.0000;0.0000;0.0041;0.0010;0.0000;0.0000;0.0010;0.0061
”»  π41;453†;442†;1†;1†;442†;0†;0.0068;0.0090;0.0000;0.9391;0.0271;0.0000;0.0000;0.0023;0.0045;0.0000;0.0000;0.0000;0.0023;0.0090
”»  π42;590†;570†;4†;4†;570†;0†;0.0017;0.0105;0.0000;0.9564;0.0174;0.0000;0.0000;0.0000;0.0052;0.0017;0.0000;0.0000;0.0017;0.0052
”»  π43;387†;373†;3†;3†;373†;0†;0.0053;0.0053;0.0000;0.9601;0.0133;0.0000;0.0000;0.0000;0.0053;0.0000;0.0027;0.0000;0.0027;0.0053
”»  π44;220†;210†;5†;5†;210†;0†;0.0047;0.0047;0.0047;0.9535;0.0047;0.0000;0.0000;0.0000;0.0047;0.0093;0.0000;0.0000;0.0093;0.0047
”»  π45;134†;129†;1†;1†;129†;0†;0.0154;0.0231;0.0000;0.9077;0.0308;0.0000;0.0000;0.0000;0.0154;0.0000;0.0000;0.0000;0.0000;0.0077
”»  π46;291†;281†;0†;0†;281†;0†;0.0142;0.0178;0.0000;0.9181;0.0356;0.0000;0.0000;0.0000;0.0036;0.0036;0.0036;0.0000;0.0000;0.0036
”»  π47;295†;285†;2†;2†;285†;0†;0.0070;0.0105;0.0000;0.9373;0.0209;0.0035;0.0000;0.0000;0.0070;0.0000;0.0000;0.0000;0.0035;0.0105
”»  π48;452†;434†;8†;8†;434†;0†;0.0068;0.0045;0.0023;0.9661;0.0113;0.0000;0.0000;0.0000;0.0023;0.0000;0.0000;0.0000;0.0023;0.0045
”»  π49;44†;42†;0†;0†;42†;0†;0.0000;0.0238;0.0000;0.8810;0.0238;0.0000;0.0000;0.0000;0.0238;0.0000;0.0238;0.0000;0.0000;0.0238
”»  π50;431†;409†;1†;1†;409†;0†;0.0049;0.0098;0.0000;0.9463;0.0268;0.0024;0.0000;0.0000;0.0024;0.0000;0.0000;0.0000;0.0024;0.0049
”»  π51;226†;218†;3†;3†;218†;0†;0.0045;0.0045;0.0000;0.9548;0.0181;0.0000;0.0000;0.0045;0.0045;0.0000;0.0000;0.0000;0.0045;0.0045
”»  π52;1297†;1251†;9†;9†;1251†;1†;0.0040;0.0056;0.0000;0.9492;0.0302;0.0000;0.0000;0.0000;0.0024;0.0008;0.0008;0.0000;0.0008;0.0056
”»  π53;1277†;1234†;7†;7†;1234†;1†;0.0024;0.0032;0.0000;0.9637;0.0226;0.0000;0.0000;0.0000;0.0016;0.0016;0.0000;0.0000;0.0008;0.0032
”»  π54;1220†;1173†;5†;5†;1173†;0†;0.0034;0.0025;0.0000;0.9703;0.0187;0.0008;0.0000;0.0000;0.0008;0.0000;0.0000;0.0000;0.0008;0.0025
”»  π55;2502†;2434†;11†;11†;2434†;1†;0.0025;0.0041;0.0000;0.9652;0.0237;0.0000;0.0000;0.0000;0.0008;0.0008;0.0004;0.0000;0.0004;0.0016
”»  π56;503†;480†;3†;3†;480†;0†;0.0041;0.0041;0.0000;0.9565;0.0290;0.0000;0.0021;0.0000;0.0000;0.0000;0.0000;0.0000;0.0021;0.0021
”»  π57;171†;163†;2†;2†;163†;0†;0.0061;0.0000;0.0061;0.9394;0.0121;0.0000;0.0000;0.0000;0.0061;0.0061;0.0000;0.0000;0.0121;0.0121
”»  π58;487†;475†;1†;1†;475†;0†;0.0042;0.0063;0.0000;0.9538;0.0273;0.0000;0.0000;0.0000;0.0000;0.0000;0.0000;0.0000;0.0021;0.0063
”»  π59;734†;703†;5†;5†;703†;0†;0.0042;0.0056;0.0000;0.9590;0.0212;0.0000;0.0000;0.0000;0.0000;0.0014;0.0000;0.0000;0.0014;0.0071
”»  π60;365†;355†;2†;2†;355†;0†;0.0056;0.0084;0.0000;0.9636;0.0140;0.0000;0.0000;0.0000;0.0000;0.0000;0.0000;0.0000;0.0000;0.0084
”»  π61;174†;169†;1†;1†;169†;0†;0.0000;0.0059;0.0000;0.9588;0.0118;0.0059;0.0000;0.0000;0.0000;0.0059;0.0000;0.0000;0.0000;0.0118
”»  π62;62†;60†;0†;0†;60†;0†;0.0000;0.0167;0.0000;0.9167;0.0167;0.0000;0.0000;0.0000;0.0167;0.0000;0.0000;0.0000;0.0167;0.0167
”»  π63;343†;329†;7†;7†;329†;0†;0.0089;0.0149;0.0000;0.9494;0.0060;0.0000;0.0000;0.0000;0.0060;0.0060;0.0000;0.0000;0.0000;0.0089
”»  π64;145†;138†;2†;2†;138†;0†;0.0071;0.0071;0.0000;0.9571;0.0071;0.0000;0.0000;0.0000;0.0071;0.0071;0.0000;0.0000;0.0000;0.0071
”»  π65;845†;796†;2†;2†;796†;0†;0.0013;0.0088;0.0025;0.9724;0.0063;0.0000;0.0000;0.0000;0.0013;0.0000;0.0013;0.0000;0.0000;0.0063
”»  π66;806†;755†;3†;3†;755†;0†;0.0026;0.0079;0.0013;0.9749;0.0053;0.0013;0.0000;0.0000;0.0026;0.0000;0.0000;0.0000;0.0000;0.0040
”»  π67;801†;759†;2†;2†;759†;0†;0.0013;0.0118;0.0026;0.9645;0.0092;0.0000;0.0000;0.0000;0.0013;0.0000;0.0013;0.0000;0.0000;0.0079
”»  π68;1468†;1395†;4†;4†;1395†;1†;0.0014;0.0093;0.0007;0.9721;0.0064;0.0000;0.0007;0.0000;0.0007;0.0000;0.0000;0.0000;0.0000;0.0079
”»  π69;1892†;1774†;3†;3†;1774†;1†;0.0006;0.0118;0.0000;0.9724;0.0056;0.0000;0.0000;0.0000;0.0011;0.0006;0.0000;0.0000;0.0006;0.0068
”»  π70;2676†;2545†;13†;13†;2545†;1†;0.0012;0.0090;0.0008;0.9730;0.0059;0.0004;0.0000;0.0000;0.0012;0.0008;0.0000;0.0000;0.0000;0.0074
”»  π71;2256†;2133†;10†;10†;2133†;1†;0.0009;0.0084;0.0014;0.9771;0.0047;0.0000;0.0000;0.0005;0.0019;0.0000;0.0005;0.0000;0.0000;0.0042
”»  π72;980†;937†;1†;1†;937†;0†;0.0011;0.0075;0.0021;0.9680;0.0117;0.0011;0.0000;0.0000;0.0021;0.0011;0.0000;0.0011;0.0000;0.0043
”»  π73;2720†;2563†;8†;8†;2563†;1†;0.0019;0.0124;0.0012;0.9681;0.0089;0.0000;0.0004;0.0000;0.0012;0.0012;0.0000;0.0000;0.0000;0.0043
”»  π74;968†;903†;6†;6†;903†;0†;0.0011;0.0099;0.0000;0.9681;0.0110;0.0000;0.0000;0.0000;0.0011;0.0011;0.0011;0.0000;0.0000;0.0066
”»  π75;1645†;1565†;5†;5†;1565†;1†;0.0013;0.0083;0.0013;0.9707;0.0089;0.0000;0.0000;0.0000;0.0019;0.0000;0.0000;0.0000;0.0006;0.0064
”»  π76;1623†;1525†;8†;8†;1525†;1†;0.0020;0.0078;0.0013;0.9693;0.0104;0.0000;0.0000;0.0000;0.0013;0.0013;0.0000;0.0000;0.0000;0.0059
”»  π77;1928†;1833†;14†;14†;1833†;1†;0.0022;0.0065;0.0016;0.9773;0.0043;0.0005;0.0000;0.0000;0.0022;0.0000;0.0005;0.0000;0.0000;0.0043
”»  π78;2030†;1909†;11†;11†;1909†;1†;0.0026;0.0068;0.0010;0.9781;0.0057;0.0000;0.0000;0.0000;0.0016;0.0000;0.0000;0.0000;0.0000;0.0036
”»  π79;2657†;2520†;12†;12†;2520†;1†;0.0012;0.0118;0.0004;0.9763;0.0051;0.0000;0.0000;0.0000;0.0008;0.0008;0.0000;0.0000;0.0000;0.0032
”»  π80;2653†;2501†;13†;13†;2501†;1†;0.0016;0.0060;0.0016;0.9789;0.0068;0.0000;0.0004;0.0000;0.0016;0.0000;0.0000;0.0004;0.0000;0.0024
”»  π81;1887†;1767†;12†;12†;1767†;1†;0.0017;0.0146;0.0017;0.9657;0.0118;0.0000;0.0000;0.0000;0.0017;0.0000;0.0000;0.0000;0.0000;0.0022
”»  π82;2220†;2129†;9†;9†;2129†;1†;0.0019;0.0159;0.0009;0.9691;0.0061;0.0005;0.0000;0.0000;0.0009;0.0009;0.0000;0.0000;0.0005;0.0028
”»  π83;2284†;2157†;11†;11†;2157†;1†;0.0009;0.0129;0.0014;0.9746;0.0037;0.0000;0.0000;0.0005;0.0005;0.0005;0.0005;0.0000;0.0000;0.0042
”»  π84;2440†;2320†;14†;14†;2320†;1†;0.0017;0.0107;0.0009;0.9751;0.0056;0.0000;0.0000;0.0000;0.0009;0.0004;0.0000;0.0000;0.0000;0.0043
”»  π85;2849†;2688†;16†;16†;2688†;1†;0.0018;0.0107;0.0011;0.9752;0.0030;0.0004;0.0000;0.0000;0.0022;0.0004;0.0004;0.0000;0.0000;0.0044
”»  π86;502†;469†;2†;2†;469†;0†;0.0021;0.0127;0.0042;0.9575;0.0064;0.0000;0.0000;0.0000;0.0042;0.0021;0.0000;0.0021;0.0000;0.0085
”»  π87;1135†;1077†;3†;3†;1077†;1†;0.0009;0.0130;0.0009;0.9648;0.0056;0.0000;0.0009;0.0000;0.0028;0.0009;0.0009;0.0000;0.0000;0.0083
”»  π88;913†;871†;2†;2†;871†;0†;0.0023;0.0115;0.0023;0.9599;0.0046;0.0000;0.0000;0.0000;0.0057;0.0011;0.0000;0.0000;0.0011;0.0115
”»  π89;2551†;2434†;8†;8†;2434†;1†;0.0012;0.0115;0.0016;0.9762;0.0029;0.0000;0.0000;0.0004;0.0016;0.0000;0.0004;0.0000;0.0000;0.0037
”»  π90;2353†;2219†;9†;9†;2219†;0†;0.0004;0.0144;0.0013;0.9749;0.0027;0.0000;0.0000;0.0000;0.0004;0.0000;0.0000;0.0004;0.0000;0.0054
”»  π91;2061†;1948†;11†;11†;1948†;0†;0.0015;0.0097;0.0005;0.9781;0.0026;0.0005;0.0000;0.0000;0.0015;0.0010;0.0000;0.0000;0.0000;0.0046
”»  π92;2499†;2348†;13†;13†;2348†;1†;0.0021;0.0076;0.0008;0.9784;0.0030;0.0000;0.0000;0.0000;0.0021;0.0004;0.0004;0.0000;0.0000;0.0047
”»  π93;2223†;2110†;14†;14†;2110†;1†;0.0019;0.0202;0.0014;0.9661;0.0028;0.0000;0.0000;0.0000;0.0009;0.0005;0.0000;0.0000;0.0000;0.0056
”»  π94;2274†;2133†;12†;12†;2133†;1†;0.0009;0.0196;0.0009;0.9683;0.0023;0.0000;0.0000;0.0000;0.0019;0.0000;0.0000;0.0000;0.0005;0.0051
”»  π95;1559†;1472†;7†;7†;1472†;0†;0.0020;0.0196;0.0020;0.9648;0.0020;0.0000;0.0007;0.0000;0.0014;0.0007;0.0007;0.0000;0.0000;0.0061
”»  π96;814†;762†;5†;5†;762†;0†;0.0013;0.0222;0.0013;0.9596;0.0052;0.0013;0.0000;0.0000;0.0013;0.0013;0.0000;0.0000;0.0000;0.0065
”»  π97;1059†;987†;6†;6†;987†;0†;0.0020;0.0101;0.0010;0.9728;0.0030;0.0000;0.0000;0.0000;0.0020;0.0000;0.0010;0.0000;0.0000;0.0081
”»  π98;824†;771†;5†;5†;771†;0†;0.0013;0.0090;0.0013;0.9742;0.0026;0.0013;0.0000;0.0000;0.0013;0.0013;0.0000;0.0000;0.0000;0.0077
”»  π99;1429†;1342†;10†;10†;1342†;0†;0.0022;0.0059;0.0015;0.9771;0.0052;0.0000;0.0000;0.0007;0.0015;0.0007;0.0000;0.0000;0.0000;0.0052
”»  π100;818†;775†;4†;4†;775†;0†;0.0013;0.0026;0.0000;0.9769;0.0077;0.0000;0.0000;0.0000;0.0051;0.0013;0.0013;0.0000;0.0000;0.0039
”»  π101;1577†;1484†;6†;6†;1484†;1†;0.0020;0.0074;0.0020;0.9772;0.0034;0.0000;0.0007;0.0000;0.0020;0.0000;0.0000;0.0000;0.0000;0.0047
”»  π102;150†;139†;1†;1†;139†;0†;0.0000;0.0071;0.0000;0.9429;0.0071;0.0000;0.0000;0.0071;0.0143;0.0071;0.0071;0.0000;0.0000;0.0071
”»  π435;1411†;1326†;8†;8†;1326†;1†;0.0015;0.0037;0.0015;0.9835;0.0022;0.0000;0.0000;0.0000;0.0030;0.0007;0.0000;0.0000;0.0007;0.0022
”»  π371;1474†;1356†;7†;7†;1356†;0†;0.0015;0.0051;0.0000;0.9530;0.0066;0.0015;0.0000;0.0000;0.0007;0.0000;0.0015;0.0000;0.0103;0.0198
”»  π372;1905†;1764†;9†;9†;1764†;1†;0.0028;0.0034;0.0006;0.9532;0.0068;0.0000;0.0000;0.0000;0.0011;0.0006;0.0000;0.0000;0.0102;0.0209
”»  π373;2620†;2476†;11†;11†;2476†;3†;0.0000;0.0076;0.0012;0.9522;0.0092;0.0000;0.0004;0.0000;0.0016;0.0000;0.0008;0.0004;0.0084;0.0169
”»  π374;2360†;2225†;10†;10†;2225†;0†;0.0009;0.0045;0.0000;0.9535;0.0081;0.0004;0.0000;0.0000;0.0013;0.0009;0.0000;0.0000;0.0116;0.0188
”»  π375;1666†;1558†;8†;8†;1558†;1†;0.0045;0.0083;0.0006;0.9527;0.0045;0.0000;0.0000;0.0000;0.0032;0.0006;0.0006;0.0000;0.0057;0.0185
”»  π376;1528†;1419†;6†;6†;1419†;0†;0.0063;0.0105;0.0007;0.9530;0.0070;0.0007;0.0000;0.0000;0.0021;0.0021;0.0000;0.0000;0.0077;0.0098
”»  π377;2510†;2320†;11†;11†;2320†;1†;0.0060;0.0034;0.0000;0.9528;0.0026;0.0000;0.0004;0.0000;0.0030;0.0000;0.0004;0.0000;0.0077;0.0232
”»  π378;1410†;1293†;8†;8†;1293†;0†;0.0023;0.0061;0.0008;0.9539;0.0023;0.0008;0.0000;0.0000;0.0031;0.0023;0.0008;0.0000;0.0031;0.0246
”»  π379;2031†;1899†;12†;12†;1899†;2†;0.0026;0.0047;0.0005;0.9519;0.0052;0.0000;0.0005;0.0000;0.0042;0.0010;0.0000;0.0000;0.0031;0.0251
”»  π380;1585†;1484†;8†;8†;1484†;0†;0.0027;0.0067;0.0000;0.9531;0.0013;0.0000;0.0000;0.0000;0.0034;0.0020;0.0013;0.0000;0.0047;0.0248
”»  π381;1348†;1257†;7†;7†;1257†;0†;0.0008;0.0055;0.0008;0.9533;0.0008;0.0000;0.0000;0.0000;0.0016;0.0032;0.0000;0.0008;0.0063;0.0269
”»  π382;1534†;1446†;9†;9†;1446†;1†;0.0034;0.0082;0.0007;0.9526;0.0034;0.0000;0.0000;0.0000;0.0021;0.0000;0.0000;0.0000;0.0048;0.0241
”»  π383;2832†;2700†;11†;11†;2700†;2†;0.0011;0.0037;0.0004;0.9528;0.0052;0.0004;0.0000;0.0000;0.0026;0.0004;0.0004;0.0000;0.0037;0.0288
”»  π384;2564†;2412†;12†;12†;2412†;0†;0.0017;0.0029;0.0000;0.9534;0.0070;0.0004;0.0000;0.0000;0.0037;0.0017;0.0004;0.0004;0.0012;0.0272
”»  π437;2929†;2760†;13†;13†;2760†;2†;0.0126;0.0040;0.0007;0.9524;0.0087;0.0004;0.0000;0.0000;0.0018;0.0007;0.0000;0.0000;0.0047;0.0133
”»  π385;1239†;1156†;5†;5†;1156†;0†;0.0017;0.0086;0.0017;0.9767;0.0009;0.0000;0.0000;0.0009;0.0009;0.0000;0.0000;0.0000;0.0026;0.0060
”»  π386;2420†;2293†;8†;8†;2293†;1†;0.0017;0.0130;0.0013;0.9761;0.0000;0.0004;0.0000;0.0000;0.0009;0.0004;0.0000;0.0000;0.0017;0.0039
”»  π387;2458†;2334†;12†;12†;2334†;0†;0.0021;0.0209;0.0009;0.9685;0.0004;0.0000;0.0000;0.0004;0.0000;0.0004;0.0004;0.0000;0.0026;0.0034
”»  π388;2444†;2307†;11†;11†;2307†;0†;0.0013;0.0203;0.0004;0.9702;0.0000;0.0004;0.0000;0.0000;0.0004;0.0000;0.0000;0.0000;0.0022;0.0047
”»  π389;2862†;2712†;12†;12†;2712†;1†;0.0018;0.0110;0.0011;0.9761;0.0007;0.0000;0.0004;0.0000;0.0007;0.0004;0.0000;0.0000;0.0015;0.0059
”»  π390;2041†;1909†;9†;9†;1909†;0†;0.0016;0.0099;0.0005;0.9755;0.0005;0.0000;0.0000;0.0005;0.0000;0.0005;0.0005;0.0000;0.0031;0.0073
”»  π391;2622†;2483†;10†;10†;2483†;1†;0.0016;0.0096;0.0016;0.9771;0.0000;0.0004;0.0000;0.0000;0.0004;0.0004;0.0000;0.0000;0.0020;0.0064
”»  π392;2708†;2536†;8†;8†;2536†;0†;0.0024;0.0165;0.0008;0.9682;0.0004;0.0000;0.0000;0.0004;0.0008;0.0004;0.0004;0.0000;0.0028;0.0071
”»  π393;2598†;2432†;8†;8†;2432†;1†;0.0029;0.0127;0.0004;0.9750;0.0000;0.0000;0.0004;0.0000;0.0004;0.0000;0.0000;0.0000;0.0020;0.0057
”»  π394;2255†;2133†;5†;5†;2133†;0†;0.0014;0.0098;0.0005;0.9766;0.0005;0.0000;0.0000;0.0005;0.0000;0.0009;0.0005;0.0000;0.0028;0.0065
”»  π395;2438†;2312†;6†;6†;2312†;1†;0.0017;0.0129;0.0009;0.9711;0.0000;0.0004;0.0000;0.0000;0.0009;0.0004;0.0000;0.0000;0.0022;0.0091
”»  π396;1671†;1577†;6†;6†;1577†;0†;0.0013;0.0120;0.0006;0.9722;0.0006;0.0000;0.0000;0.0000;0.0006;0.0013;0.0006;0.0006;0.0019;0.0082
”»  π397;2251†;2132†;7†;7†;2132†;0†;0.0023;0.0084;0.0014;0.9766;0.0000;0.0000;0.0005;0.0000;0.0009;0.0005;0.0000;0.0000;0.0019;0.0075
”»  π398;2183†;2029†;11†;11†;2029†;1†;0.0015;0.0181;0.0010;0.9706;0.0005;0.0000;0.0000;0.0000;0.0000;0.0005;0.0000;0.0000;0.0015;0.0059
”»  π399;2109†;1979†;5†;5†;1979†;0†;0.0020;0.0212;0.0005;0.9667;0.0005;0.0000;0.0000;0.0000;0.0005;0.0000;0.0005;0.0005;0.0020;0.0055
”»  π400;1137†;1058†;8†;8†;1058†;0†;0.0019;0.0103;0.0019;0.9672;0.0019;0.0000;0.0000;0.0000;0.0009;0.0000;0.0000;0.0000;0.0028;0.0131
”»  π438;2993†;2795†;13†;13†;2795†;1†;0.0018;0.0150;0.0011;0.9754;0.0000;0.0000;0.0000;0.0004;0.0000;0.0004;0.0000;0.0000;0.0014;0.0043
”»  π439;1935†;1827†;9†;9†;1827†;0†;0.0016;0.0065;0.0011;0.9755;0.0005;0.0000;0.0000;0.0000;0.0011;0.0005;0.0005;0.0005;0.0027;0.0093
”»  π440;669†;625†;4†;4†;625†;0†;0.0016;0.0143;0.0000;0.9618;0.0000;0.0016;0.0000;0.0000;0.0016;0.0032;0.0000;0.0000;0.0048;0.0111
”»  π459;1768†;1267†;0†;500†;1267†;0†;0.0023;0.0113;0.0011;0.9751;0.0000;0.0000;0.0000;0.0000;0.0006;0.0011;0.0000;0.0000;0.0023;0.0062
”»  π460;1292†;1292†;0†;0†;1292†;0†;0.0023;0.0046;0.0008;0.9814;0.0008;0.0000;0.0000;0.0000;0.0008;0.0015;0.0008;0.0008;0.0015;0.0046
”»  π465;160†;148†;0†;0†;148†;0†;0.0068;0.0203;0.0135;0.9392;0.0000;0.0000;0.0000;0.0068;0.0000;0.0068;0.0000;0.0000;0.0000;0.0068
”»  π466;250†;236†;0†;0†;236†;0†;0.0000;0.0085;0.0042;0.9492;0.0085;0.0000;0.0000;0.0000;0.0085;0.0000;0.0042;0.0042;0.0085;0.0042
”»  π467;200†;188†;0†;0†;188†;0†;0.0106;0.0053;0.0000;0.9521;0.0053;0.0000;0.0000;0.0000;0.0053;0.0053;0.0000;0.0000;0.0053;0.0106
”»  π401;1624†;1479†;5†;5†;1479†;0†;0.0034;0.0054;0.0013;0.9360;0.0013;0.0007;0.0000;0.0000;0.0013;0.0000;0.0007;0.0000;0.0020;0.0478
”»  π402;2130†;1962†;6†;6†;1962†;1†;0.0030;0.0061;0.0015;0.9426;0.0030;0.0000;0.0000;0.0005;0.0015;0.0005;0.0000;0.0000;0.0010;0.0396
”»  π403;1114†;1055†;4†;4†;1055†;0†;0.0028;0.0132;0.0009;0.9358;0.0038;0.0000;0.0000;0.0000;0.0009;0.0000;0.0000;0.0009;0.0038;0.0378
”»  π404;2008†;1833†;7†;7†;1833†;1†;0.0027;0.0060;0.0011;0.9527;0.0033;0.0005;0.0000;0.0000;0.0011;0.0005;0.0005;0.0000;0.0016;0.0293
”»  π405;2542†;2341†;8†;8†;2341†;1†;0.0034;0.0060;0.0013;0.9549;0.0038;0.0000;0.0004;0.0000;0.0013;0.0009;0.0000;0.0000;0.0021;0.0255
”»  π406;2561†;2328†;6†;6†;2328†;0†;0.0026;0.0043;0.0009;0.9503;0.0021;0.0004;0.0000;0.0000;0.0017;0.0000;0.0004;0.0000;0.0017;0.0356
”»  π407;2265†;2034†;10†;10†;2034†;0†;0.0020;0.0117;0.0005;0.9437;0.0015;0.0000;0.0000;0.0005;0.0000;0.0010;0.0000;0.0000;0.0024;0.0367
”»  π408;2741†;2518†;14†;14†;2518†;1†;0.0036;0.0087;0.0008;0.9455;0.0024;0.0004;0.0000;0.0000;0.0012;0.0004;0.0004;0.0004;0.0028;0.0332
”»  π409;2215†;2052†;12†;12†;2052†;1†;0.0024;0.0097;0.0005;0.9496;0.0019;0.0000;0.0005;0.0000;0.0010;0.0010;0.0000;0.0000;0.0000;0.0329
”»  π410;1605†;1465†;8†;8†;1465†;0†;0.0027;0.0122;0.0014;0.9260;0.0034;0.0007;0.0000;0.0000;0.0027;0.0007;0.0007;0.0000;0.0020;0.0475
”»  π411;2442†;2244†;13†;13†;2244†;1†;0.0027;0.0049;0.0013;0.9601;0.0031;0.0000;0.0000;0.0000;0.0013;0.0000;0.0000;0.0000;0.0031;0.0230
”»  π412;1820†;1658†;6†;6†;1658†;0†;0.0024;0.0102;0.0012;0.9483;0.0024;0.0006;0.0000;0.0000;0.0012;0.0000;0.0006;0.0000;0.0030;0.0300
”»  π413;760†;703†;5†;5†;703†;0†;0.0042;0.0169;0.0000;0.9379;0.0042;0.0000;0.0028;0.0000;0.0042;0.0014;0.0000;0.0000;0.0056;0.0226
”»  π414;562†;505†;2†;2†;505†;0†;0.0039;0.0118;0.0000;0.9389;0.0039;0.0000;0.0000;0.0000;0.0039;0.0039;0.0020;0.0000;0.0059;0.0256
”»  π415;2214†;2011†;6†;6†;2011†;1†;0.0025;0.0104;0.0015;0.9484;0.0030;0.0000;0.0000;0.0000;0.0005;0.0005;0.0000;0.0005;0.0030;0.0293
”»  π416;2033†;1888†;4†;4†;1888†;0†;0.0021;0.0042;0.0021;0.9434;0.0021;0.0000;0.0005;0.0000;0.0016;0.0000;0.0005;0.0000;0.0037;0.0396
”»  π417;1325†;1221†;2†;2†;1221†;0†;0.0041;0.0074;0.0016;0.9428;0.0025;0.0008;0.0000;0.0000;0.0016;0.0000;0.0000;0.0000;0.0025;0.0368
”»  π418;1040†;948†;4†;4†;948†;0†;0.0032;0.0074;0.0011;0.9412;0.0021;0.0000;0.0000;0.0000;0.0032;0.0011;0.0000;0.0000;0.0063;0.0347
”»  π441;2364†;2164†;11†;11†;2164†;0†;0.0028;0.0074;0.0014;0.9563;0.0028;0.0000;0.0000;0.0000;0.0005;0.0000;0.0000;0.0000;0.0018;0.0271
”»  π461;2476†;1302†;0†;1174†;1302†;1†;0.0028;0.0057;0.0020;0.9414;0.0028;0.0004;0.0004;0.0008;0.0032;0.0012;0.0004;0.0000;0.0044;0.0339
”»  π462;1206†;912†;0†;294†;912†;0†;0.0066;0.0050;0.0033;0.9420;0.0075;0.0000;0.0008;0.0025;0.0083;0.0017;0.0000;0.0008;0.0075;0.0141
”»  π468;520†;478†;0†;0†;478†;0†;0.0084;0.0063;0.0063;0.9393;0.0063;0.0021;0.0000;0.0021;0.0042;0.0021;0.0000;0.0000;0.0042;0.0188
”»  π419;1574†;1493†;5†;5†;1493†;1†;0.0013;0.0073;0.0033;0.9653;0.0033;0.0013;0.0000;0.0000;0.0020;0.0007;0.0013;0.0007;0.0047;0.0080
”»  π420;1639†;1532†;8†;8†;1532†;1†;0.0006;0.0058;0.0026;0.9552;0.0039;0.0000;0.0000;0.0000;0.0032;0.0013;0.0006;0.0000;0.0071;0.0188
”»  π421;2524†;2385†;13†;13†;2385†;2†;0.0008;0.0029;0.0025;0.9658;0.0029;0.0004;0.0000;0.0000;0.0017;0.0013;0.0004;0.0004;0.0038;0.0163
”»  π422;2167†;2058†;11†;11†;2058†;1†;0.0014;0.0063;0.0014;0.9575;0.0048;0.0010;0.0000;0.0000;0.0010;0.0005;0.0010;0.0005;0.0058;0.0184
”»  π423;2481†;2329†;14†;14†;2329†;2†;0.0021;0.0047;0.0009;0.9676;0.0034;0.0000;0.0000;0.0000;0.0009;0.0004;0.0000;0.0000;0.0060;0.0132
”»  π424;2384†;2256†;12†;12†;2256†;1†;0.0013;0.0075;0.0018;0.9586;0.0053;0.0000;0.0004;0.0000;0.0013;0.0000;0.0009;0.0000;0.0031;0.0194
”»  π425;2495†;2326†;13†;13†;2326†;2†;0.0017;0.0043;0.0026;0.9692;0.0047;0.0009;0.0000;0.0000;0.0021;0.0009;0.0004;0.0000;0.0060;0.0064
”»  π426;2085†;1988†;8†;8†;1988†;1†;0.0035;0.0070;0.0010;0.9649;0.0035;0.0005;0.0000;0.0000;0.0020;0.0015;0.0000;0.0005;0.0045;0.0105
”»  π427;2469†;2365†;7†;7†;2365†;1†;0.0013;0.0067;0.0013;0.9650;0.0038;0.0000;0.0000;0.0000;0.0008;0.0004;0.0013;0.0000;0.0025;0.0164
”»  π428;2150†;2012†;10†;10†;2012†;1†;0.0015;0.0035;0.0025;0.9619;0.0049;0.0010;0.0000;0.0000;0.0015;0.0010;0.0000;0.0005;0.0059;0.0153
”»  π429;2207†;2093†;6†;6†;2093†;1†;0.0033;0.0067;0.0010;0.9643;0.0076;0.0000;0.0000;0.0000;0.0010;0.0005;0.0010;0.0000;0.0043;0.0100
”»  π430;2282†;2184†;8†;8†;2184†;1†;0.0032;0.0059;0.0005;0.9667;0.0050;0.0005;0.0000;0.0000;0.0009;0.0005;0.0000;0.0000;0.0064;0.0100
”»  π431;2040†;1923†;9†;9†;1923†;1†;0.0026;0.0088;0.0010;0.9674;0.0067;0.0010;0.0000;0.0000;0.0005;0.0000;0.0005;0.0005;0.0041;0.0062
”»  π432;2219†;2070†;5†;5†;2070†;1†;0.0014;0.0072;0.0019;0.9595;0.0072;0.0005;0.0005;0.0000;0.0014;0.0005;0.0000;0.0000;0.0029;0.0164
”»  π433;2159†;2050†;3†;3†;2050†;1†;0.0024;0.0029;0.0010;0.9688;0.0044;0.0010;0.0000;0.0000;0.0010;0.0005;0.0000;0.0005;0.0034;0.0136
”»  π442;2117†;1996†;5†;5†;1996†;1†;0.0015;0.0065;0.0020;0.9545;0.0035;0.0005;0.0000;0.0000;0.0005;0.0000;0.0005;0.0000;0.0025;0.0275
”»  π443;2432†;2311†;6†;6†;2311†;1†;0.0030;0.0039;0.0013;0.9547;0.0060;0.0000;0.0000;0.0000;0.0009;0.0004;0.0000;0.0004;0.0026;0.0263
”»  π444;1291†;1210†;4†;4†;1210†;1†;0.0049;0.0132;0.0033;0.9448;0.0033;0.0008;0.0000;0.0000;0.0025;0.0000;0.0016;0.0000;0.0041;0.0206
”»  π103;1465†;1385†;4†;4†;1385†;0†;0.0022;0.0058;0.0007;0.9777;0.0043;0.0000;0.0000;0.0000;0.0022;0.0007;0.0000;0.0000;0.0050;0.0014
”»  π104;2863†;2775†;11†;11†;2775†;1†;0.0007;0.0065;0.0007;0.9777;0.0039;0.0000;0.0004;0.0000;0.0018;0.0011;0.0004;0.0000;0.0050;0.0014
”»  π105;1600†;1513†;8†;8†;1513†;0†;0.0053;0.0059;0.0020;0.9783;0.0013;0.0000;0.0000;0.0000;0.0013;0.0007;0.0000;0.0000;0.0046;0.0007
”»  π106;3033†;2924†;12†;12†;2924†;1†;0.0024;0.0072;0.0031;0.9779;0.0031;0.0003;0.0000;0.0003;0.0024;0.0000;0.0000;0.0000;0.0010;0.0020
”»  π107;2989†;2872†;14†;14†;2872†;0†;0.0024;0.0049;0.0042;0.9782;0.0042;0.0000;0.0003;0.0000;0.0010;0.0000;0.0003;0.0000;0.0028;0.0017
”»  π108;1305†;1226†;6†;6†;1226†;1†;0.0024;0.0081;0.0016;0.9773;0.0032;0.0000;0.0000;0.0000;0.0016;0.0000;0.0000;0.0000;0.0049;0.0000
”»  π109;1842†;1755†;4†;4†;1755†;0†;0.0051;0.0074;0.0006;0.9778;0.0017;0.0000;0.0000;0.0000;0.0017;0.0000;0.0011;0.0000;0.0040;0.0006
”»  π110;1107†;1037†;4†;4†;1037†;1†;0.0019;0.0058;0.0038;0.9769;0.0048;0.0000;0.0000;0.0000;0.0019;0.0000;0.0000;0.0000;0.0019;0.0019
”»  π111;1343†;1291†;5†;5†;1291†;0†;0.0046;0.0069;0.0000;0.9784;0.0023;0.0000;0.0000;0.0000;0.0008;0.0015;0.0000;0.0000;0.0031;0.0023
”»  π112;1379†;1304†;4†;4†;1304†;1†;0.0038;0.0084;0.0000;0.9771;0.0061;0.0000;0.0000;0.0000;0.0015;0.0008;0.0000;0.0000;0.0008;0.0008
”»  π113;1835†;1752†;6†;6†;1752†;0†;0.0017;0.0080;0.0011;0.9778;0.0028;0.0000;0.0000;0.0000;0.0017;0.0000;0.0006;0.0000;0.0051;0.0011
”»  π114;2946†;2828†;14†;14†;2828†;0†;0.0039;0.0060;0.0025;0.9782;0.0025;0.0000;0.0004;0.0000;0.0014;0.0007;0.0007;0.0000;0.0028;0.0011
”»  π115;1867†;1776†;6†;6†;1776†;1†;0.0034;0.0067;0.0017;0.9776;0.0051;0.0000;0.0000;0.0000;0.0006;0.0000;0.0000;0.0000;0.0039;0.0006
”»  π116;1462†;1384†;3†;3†;1384†;1†;0.0043;0.0072;0.0000;0.9776;0.0036;0.0000;0.0000;0.0000;0.0014;0.0007;0.0000;0.0000;0.0036;0.0007
”»  π117;1596†;1535†;4†;4†;1535†;2†;0.0013;0.0058;0.0006;0.9773;0.0045;0.0000;0.0000;0.0000;0.0019;0.0000;0.0000;0.0000;0.0039;0.0032
”»  π118;1936†;1867†;5†;5†;1867†;0†;0.0064;0.0075;0.0000;0.9781;0.0027;0.0000;0.0000;0.0000;0.0005;0.0000;0.0000;0.0000;0.0027;0.0021
”»  π119;478†;450†;0†;0†;450†;0†;0.0000;0.0156;0.0022;0.9778;0.0000;0.0000;0.0000;0.0000;0.0000;0.0000;0.0000;0.0000;0.0000;0.0044
”»  π120;1799†;1707†;6†;6†;1707†;1†;0.0023;0.0105;0.0006;0.9772;0.0023;0.0000;0.0000;0.0000;0.0006;0.0006;0.0000;0.0000;0.0047;0.0006
”»  π121;2784†;2690†;7†;7†;2690†;0†;0.0048;0.0085;0.0004;0.9789;0.0026;0.0000;0.0000;0.0004;0.0007;0.0000;0.0000;0.0000;0.0019;0.0019
”»  π122;2953†;2878†;6†;6†;2878†;0†;0.0052;0.0073;0.0014;0.9785;0.0021;0.0000;0.0003;0.0000;0.0010;0.0007;0.0000;0.0000;0.0021;0.0014
”»  π123;2120†;2037†;5†;5†;2037†;0†;0.0039;0.0073;0.0000;0.9780;0.0039;0.0000;0.0000;0.0000;0.0015;0.0005;0.0000;0.0000;0.0034;0.0015
”»  π124;1006†;950†;4†;4†;950†;1†;0.0031;0.0115;0.0010;0.9769;0.0031;0.0000;0.0000;0.0000;0.0000;0.0010;0.0000;0.0000;0.0021;0.0000
”»  π125;1308†;1239†;7†;7†;1239†;0†;0.0048;0.0112;0.0008;0.9775;0.0032;0.0000;0.0000;0.0000;0.0008;0.0000;0.0000;0.0000;0.0016;0.0000
”»  π126;1814†;1716†;6†;6†;1716†;1†;0.0029;0.0105;0.0006;0.9791;0.0041;0.0000;0.0000;0.0000;0.0006;0.0000;0.0000;0.0000;0.0017;0.0000
”»  π127;1982†;1886†;8†;8†;1886†;0†;0.0037;0.0111;0.0000;0.9784;0.0048;0.0000;0.0000;0.0000;0.0011;0.0000;0.0000;0.0000;0.0011;0.0000
”»  π128;1021†;961†;3†;3†;961†;1†;0.0041;0.0093;0.0000;0.9772;0.0052;0.0000;0.0000;0.0000;0.0010;0.0000;0.0000;0.0000;0.0021;0.0000
”»  π129;809†;768†;2†;2†;768†;2†;0.0026;0.0078;0.0000;0.9753;0.0026;0.0000;0.0000;0.0000;0.0000;0.0039;0.0000;0.0000;0.0039;0.0013
”»  π130;2208†;2117†;8†;8†;2117†;0†;0.0038;0.0080;0.0009;0.9779;0.0038;0.0005;0.0005;0.0000;0.0009;0.0014;0.0000;0.0000;0.0009;0.0014
”»  π131;1588†;1502†;6†;6†;1502†;0†;0.0033;0.0086;0.0013;0.9781;0.0040;0.0007;0.0000;0.0000;0.0007;0.0000;0.0000;0.0000;0.0027;0.0007
”»  π132;2121†;2014†;7†;7†;2014†;0†;0.0010;0.0099;0.0005;0.9782;0.0035;0.0000;0.0000;0.0000;0.0020;0.0020;0.0000;0.0000;0.0030;0.0000
”»  π133;1850†;1757†;7†;7†;1757†;0†;0.0034;0.0045;0.0028;0.9779;0.0040;0.0000;0.0000;0.0000;0.0006;0.0006;0.0000;0.0000;0.0045;0.0017
”»  π134;2212†;2104†;9†;9†;2104†;1†;0.0052;0.0080;0.0005;0.9778;0.0005;0.0005;0.0000;0.0000;0.0014;0.0000;0.0000;0.0000;0.0047;0.0009
”»  π135;1768†;1670†;6†;6†;1670†;0†;0.0042;0.0072;0.0024;0.9779;0.0036;0.0000;0.0000;0.0000;0.0006;0.0006;0.0000;0.0000;0.0012;0.0024
”»  π136;1877†;1783†;7†;7†;1783†;2†;0.0022;0.0050;0.0011;0.9771;0.0045;0.0000;0.0000;0.0000;0.0006;0.0006;0.0000;0.0000;0.0073;0.0006
”»  π137;2803†;2687†;6†;6†;2687†;0†;0.0015;0.0067;0.0030;0.9781;0.0033;0.0004;0.0000;0.0000;0.0015;0.0004;0.0000;0.0000;0.0026;0.0026
”»  π138;1608†;1526†;6†;6†;1526†;2†;0.0039;0.0098;0.0007;0.9772;0.0026;0.0000;0.0000;0.0000;0.0007;0.0000;0.0000;0.0000;0.0020;0.0020
”»  π139;1283†;1217†;5†;5†;1217†;0†;0.0057;0.0090;0.0016;0.9779;0.0025;0.0000;0.0000;0.0000;0.0008;0.0008;0.0000;0.0000;0.0016;0.0000
”»  π140;2895†;2776†;8†;8†;2776†;1†;0.0043;0.0065;0.0018;0.9777;0.0029;0.0000;0.0000;0.0000;0.0011;0.0011;0.0004;0.0000;0.0007;0.0032
”»  π141;494†;466†;0†;0†;466†;1†;0.0043;0.0086;0.0000;0.9764;0.0043;0.0000;0.0000;0.0000;0.0000;0.0000;0.0000;0.0000;0.0021;0.0021
”»  π142;815†;780†;3†;3†;780†;1†;0.0038;0.0089;0.0051;0.9770;0.0000;0.0000;0.0000;0.0000;0.0000;0.0000;0.0013;0.0000;0.0026;0.0000
”»  π143;2560†;2457†;9†;9†;2457†;0†;0.0036;0.0073;0.0020;0.9785;0.0036;0.0004;0.0000;0.0000;0.0012;0.0000;0.0000;0.0000;0.0028;0.0004
”»  π144;1149†;1082†;7†;7†;1082†;1†;0.0083;0.0110;0.0009;0.9770;0.0000;0.0000;0.0000;0.0000;0.0009;0.0000;0.0000;0.0000;0.0000;0.0009
”»  π145;2088†;1996†;9†;9†;1996†;0†;0.0040;0.0085;0.0005;0.9781;0.0035;0.0000;0.0000;0.0000;0.0010;0.0000;0.0000;0.0000;0.0015;0.0030
”»  π146;1176†;1123†;6†;6†;1123†;2†;0.0062;0.0018;0.0000;0.9761;0.0080;0.0000;0.0000;0.0000;0.0009;0.0009;0.0000;0.0000;0.0044;0.0000
”»  π436;1001†;954†;2†;2†;954†;1†;0.0031;0.0042;0.0021;0.9770;0.0052;0.0000;0.0000;0.0000;0.0010;0.0000;0.0000;0.0000;0.0052;0.0010
”»  π450;1260†;1223†;0†;0†;1223†;0†;0.0016;0.0016;0.0033;0.9706;0.0106;0.0008;0.0000;0.0000;0.0008;0.0000;0.0008;0.0000;0.0082;0.0016
”»  π463;460†;440†;0†;0†;440†;2†;0.0045;0.0114;0.0000;0.9636;0.0136;0.0000;0.0000;0.0000;0.0000;0.0023;0.0000;0.0000;0.0000;0.0000
”»  π147;578†;540†;11†;11†;540†;1†;0.0018;0.0054;0.0000;0.9437;0.0036;0.0000;0.0000;0.0000;0.0018;0.0036;0.0000;0.0000;0.0218;0.0163
”»  π148;579†;534†;13†;13†;534†;1†;0.0037;0.0018;0.0000;0.9707;0.0055;0.0000;0.0000;0.0000;0.0037;0.0018;0.0018;0.0000;0.0055;0.0037
”»  π149;256†;231†;7†;7†;231†;0†;0.0042;0.0084;0.0000;0.9202;0.0084;0.0042;0.0000;0.0000;0.0042;0.0042;0.0000;0.0000;0.0294;0.0168
”»  π150;269†;246†;6†;6†;246†;0†;0.0159;0.0040;0.0000;0.9127;0.0040;0.0000;0.0040;0.0000;0.0040;0.0079;0.0000;0.0000;0.0159;0.0317
”»  π151;335†;302†;8†;8†;302†;1†;0.0065;0.0065;0.0000;0.9323;0.0065;0.0000;0.0000;0.0000;0.0000;0.0032;0.0032;0.0000;0.0161;0.0226
”»  π152;345†;316†;10†;10†;316†;1†;0.0031;0.0031;0.0000;0.9479;0.0092;0.0031;0.0000;0.0000;0.0061;0.0031;0.0000;0.0000;0.0092;0.0123
”»  π153;160†;144†;4†;4†;144†;0†;0.0203;0.0000;0.0000;0.9189;0.0068;0.0000;0.0000;0.0000;0.0068;0.0000;0.0000;0.0000;0.0270;0.0203
”»  π154;249†;228†;6†;6†;228†;0†;0.0043;0.0000;0.0000;0.9573;0.0085;0.0000;0.0000;0.0000;0.0000;0.0043;0.0000;0.0000;0.0085;0.0171
”»  π155;133†;116†;6†;6†;116†;0†;0.0164;0.0000;0.0000;0.9180;0.0246;0.0000;0.0000;0.0000;0.0082;0.0000;0.0000;0.0000;0.0082;0.0246
”»  π156;203†;182†;8†;8†;182†;1†;0.0105;0.0053;0.0000;0.9053;0.0105;0.0053;0.0000;0.0000;0.0053;0.0053;0.0000;0.0000;0.0263;0.0211
”»  π157;12†;7†;3†;3†;7†;0†;0.0000;0.0000;0.0000;0.8000;0.1000;0.0000;0.0000;0.0000;0.0000;0.0000;0.0000;0.0000;0.0000;0.1000
”»  π158;31†;26†;2†;2†;26†;0†;0.0357;0.0000;0.0000;0.9286;0.0000;0.0000;0.0000;0.0000;0.0000;0.0000;0.0000;0.0000;0.0357;0.0000
”»  π159;26†;21†;3†;3†;21†;0†;0.0000;0.0000;0.0000;0.9167;0.0000;0.0000;0.0000;0.0000;0.0417;0.0000;0.0000;0.0000;0.0000;0.0417
”»  π451;1360†;1360†;0†;0†;1360†;0†;0.0022;0.0015;0.0000;0.9507;0.0037;0.0000;0.0007;0.0000;0.0007;0.0007;0.0000;0.0000;0.0221;0.0176
”»  π160;2987†;2848†;13†;13†;2848†;1†;0.0007;0.0115;0.0010;0.9588;0.0129;0.0003;0.0000;0.0000;0.0007;0.0010;0.0003;0.0003;0.0091;0.0028
”»  π161;2986†;2870†;11†;11†;2870†;1†;0.0010;0.0128;0.0003;0.9642;0.0080;0.0000;0.0003;0.0000;0.0014;0.0007;0.0003;0.0010;0.0069;0.0024
”»  π162;2981†;2828†;16†;16†;2828†;1†;0.0014;0.0123;0.0007;0.9624;0.0102;0.0004;0.0000;0.0000;0.0018;0.0011;0.0000;0.0007;0.0056;0.0032
”»  π163;2033†;1959†;14†;14†;1959†;1†;0.0041;0.0086;0.0005;0.9650;0.0076;0.0000;0.0005;0.0000;0.0035;0.0010;0.0005;0.0005;0.0046;0.0030
”»  π164;2114†;2031†;11†;11†;2031†;1†;0.0069;0.0064;0.0000;0.9740;0.0029;0.0000;0.0000;0.0000;0.0000;0.0005;0.0000;0.0000;0.0049;0.0039
”»  π165;1967†;1911†;18†;18†;1911†;1†;0.0036;0.0026;0.0000;0.9819;0.0036;0.0000;0.0000;0.0000;0.0000;0.0005;0.0000;0.0000;0.0031;0.0041
”»  π166;1953†;1908†;14†;14†;1908†;1†;0.0016;0.0021;0.0000;0.9891;0.0016;0.0005;0.0000;0.0000;0.0005;0.0000;0.0005;0.0000;0.0016;0.0021
”»  π167;2214†;2119†;16†;16†;2119†;1†;0.0019;0.0098;0.0005;0.9677;0.0047;0.0005;0.0005;0.0000;0.0028;0.0009;0.0005;0.0005;0.0061;0.0033
”»  π168;2033†;1934†;12†;12†;1934†;1†;0.0031;0.0103;0.0000;0.9609;0.0108;0.0000;0.0000;0.0000;0.0036;0.0005;0.0000;0.0005;0.0051;0.0046
”»  π169;2404†;2281†;13†;13†;2281†;1†;0.0031;0.0118;0.0004;0.9608;0.0118;0.0000;0.0004;0.0000;0.0013;0.0009;0.0004;0.0000;0.0061;0.0026
”»  π170;2254†;2126†;16†;16†;2126†;1†;0.0014;0.0135;0.0000;0.9580;0.0117;0.0005;0.0000;0.0000;0.0033;0.0005;0.0000;0.0005;0.0042;0.0061
”»  π171;1987†;1887†;15†;15†;1887†;1†;0.0021;0.0131;0.0000;0.9590;0.0121;0.0000;0.0005;0.0000;0.0026;0.0005;0.0005;0.0000;0.0026;0.0063
”»  π172;2576†;2473†;16†;16†;2473†;1†;0.0024;0.0088;0.0008;0.9630;0.0112;0.0004;0.0000;0.0000;0.0016;0.0012;0.0004;0.0000;0.0068;0.0028
”»  π173;2062†;1973†;17†;17†;1973†;1†;0.0015;0.0116;0.0000;0.9688;0.0075;0.0005;0.0000;0.0000;0.0010;0.0010;0.0000;0.0000;0.0030;0.0045
”»  π174;2031†;1952†;14†;14†;1952†;1†;0.0010;0.0102;0.0000;0.9649;0.0097;0.0000;0.0000;0.0005;0.0015;0.0005;0.0000;0.0005;0.0071;0.0036
”»  π175;1935†;1844†;12†;12†;1844†;0†;0.0022;0.0075;0.0011;0.9682;0.0086;0.0005;0.0000;0.0000;0.0027;0.0011;0.0005;0.0000;0.0032;0.0043
”»  π176;1701†;1614†;8†;8†;1614†;0†;0.0037;0.0092;0.0006;0.9581;0.0136;0.0000;0.0000;0.0000;0.0012;0.0006;0.0006;0.0012;0.0049;0.0062
”»  π177;849†;808†;3†;3†;808†;0†;0.0037;0.0160;0.0000;0.9630;0.0049;0.0012;0.0000;0.0000;0.0037;0.0000;0.0000;0.0000;0.0025;0.0049
”»  π178;589†;554†;4†;4†;554†;0†;0.0036;0.0072;0.0018;0.9642;0.0054;0.0000;0.0000;0.0000;0.0072;0.0000;0.0018;0.0000;0.0054;0.0036
”»  π179;1575†;1504†;6†;6†;1504†;0†;0.0026;0.0060;0.0007;0.9675;0.0079;0.0007;0.0000;0.0000;0.0020;0.0000;0.0007;0.0000;0.0053;0.0066
”»  π180;397†;376†;4†;4†;376†;0†;0.0026;0.0053;0.0053;0.9684;0.0053;0.0000;0.0000;0.0000;0.0026;0.0026;0.0000;0.0026;0.0000;0.0053
”»  π181;306†;286†;3†;3†;286†;0†;0.0069;0.0035;0.0035;0.9550;0.0035;0.0035;0.0000;0.0000;0.0035;0.0035;0.0000;0.0035;0.0104;0.0035
”»  π182;170†;154†;2†;2†;154†;0†;0.0064;0.0064;0.0000;0.9551;0.0064;0.0000;0.0000;0.0000;0.0000;0.0064;0.0064;0.0000;0.0064;0.0064
”»  π183;174†;159†;2†;2†;159†;0†;0.0124;0.0124;0.0000;0.9441;0.0062;0.0000;0.0000;0.0000;0.0000;0.0000;0.0062;0.0062;0.0124;0.0000
”»  π184;292†;279†;2†;2†;279†;0†;0.0107;0.0071;0.0036;0.9466;0.0036;0.0000;0.0000;0.0000;0.0036;0.0036;0.0000;0.0071;0.0036;0.0107
”»  π185;515†;487†;3†;3†;487†;0†;0.0082;0.0061;0.0000;0.9551;0.0061;0.0000;0.0000;0.0000;0.0061;0.0041;0.0020;0.0020;0.0061;0.0041
”»  π186;393†;374†;2†;2†;374†;1†;0.0000;0.0080;0.0027;0.9335;0.0106;0.0000;0.0000;0.0000;0.0053;0.0027;0.0027;0.0000;0.0239;0.0080
”»  π187;998†;938†;3†;3†;938†;1†;0.0032;0.0064;0.0011;0.9522;0.0074;0.0000;0.0000;0.0000;0.0032;0.0011;0.0000;0.0000;0.0170;0.0074
”»  π188;1495†;1415†;8†;8†;1415†;1†;0.0028;0.0056;0.0007;0.9529;0.0063;0.0000;0.0000;0.0000;0.0042;0.0007;0.0007;0.0000;0.0190;0.0063
”»  π189;1389†;1310†;7†;7†;1310†;1†;0.0046;0.0091;0.0008;0.9506;0.0099;0.0000;0.0008;0.0000;0.0008;0.0008;0.0008;0.0000;0.0159;0.0053
”»  π190;2021†;1892†;11†;11†;1892†;1†;0.0026;0.0121;0.0005;0.9532;0.0089;0.0000;0.0000;0.0000;0.0011;0.0011;0.0005;0.0000;0.0121;0.0074
”»  π191;1906†;1781†;8†;8†;1781†;1†;0.0017;0.0145;0.0006;0.9553;0.0078;0.0000;0.0000;0.0000;0.0017;0.0011;0.0006;0.0000;0.0106;0.0056
”»  π192;1522†;1443†;6†;6†;1443†;1†;0.0014;0.0152;0.0007;0.9517;0.0062;0.0007;0.0000;0.0000;0.0028;0.0007;0.0007;0.0000;0.0104;0.0090
”»  π193;1483†;1401†;7†;7†;1401†;1†;0.0021;0.0135;0.0007;0.9560;0.0071;0.0000;0.0000;0.0000;0.0014;0.0007;0.0000;0.0000;0.0135;0.0043
”»  π194;2740†;2601†;13†;13†;2601†;1†;0.0015;0.0092;0.0004;0.9518;0.0080;0.0000;0.0004;0.0000;0.0011;0.0004;0.0004;0.0000;0.0084;0.0180
”»  π195;2395†;2281†;12†;12†;2281†;1†;0.0026;0.0096;0.0004;0.9503;0.0074;0.0004;0.0000;0.0000;0.0022;0.0009;0.0000;0.0000;0.0113;0.0144
”»  π196;2092†;1958†;14†;14†;1958†;1†;0.0015;0.0096;0.0005;0.9523;0.0081;0.0000;0.0000;0.0000;0.0020;0.0015;0.0000;0.0000;0.0117;0.0122
”»  π197;1983†;1861†;12†;12†;1861†;1†;0.0021;0.0048;0.0000;0.9482;0.0069;0.0000;0.0000;0.0000;0.0011;0.0005;0.0005;0.0000;0.0112;0.0240
”»  π198;2406†;2250†;9†;9†;2250†;2†;0.0013;0.0053;0.0009;0.9433;0.0115;0.0000;0.0004;0.0000;0.0018;0.0009;0.0000;0.0000;0.0075;0.0261
”»  π199;1990†;1880†;9†;9†;1880†;1†;0.0021;0.0048;0.0005;0.9423;0.0090;0.0005;0.0000;0.0000;0.0011;0.0005;0.0000;0.0000;0.0079;0.0307
”»  π200;2535†;2358†;11†;11†;2358†;1†;0.0021;0.0046;0.0004;0.9430;0.0156;0.0000;0.0000;0.0000;0.0013;0.0013;0.0004;0.0000;0.0055;0.0253
”»  π201;1422†;1358†;6†;6†;1358†;1†;0.0022;0.0066;0.0007;0.9413;0.0147;0.0000;0.0000;0.0000;0.0015;0.0015;0.0007;0.0000;0.0088;0.0213
”»  π202;1693†;1602†;7†;7†;1602†;1†;0.0025;0.0068;0.0006;0.9397;0.0149;0.0006;0.0000;0.0000;0.0025;0.0006;0.0006;0.0000;0.0081;0.0224
”»  π203;582†;539†;4†;4†;539†;1†;0.0037;0.0110;0.0018;0.9282;0.0110;0.0000;0.0000;0.0000;0.0055;0.0000;0.0018;0.0018;0.0184;0.0147
”»  π204;796†;758†;5†;5†;758†;1†;0.0079;0.0092;0.0013;0.9345;0.0118;0.0013;0.0000;0.0000;0.0026;0.0000;0.0000;0.0000;0.0170;0.0131
”»  π205;2442†;2331†;12†;12†;2331†;1†;0.0034;0.0051;0.0004;0.9441;0.0068;0.0000;0.0000;0.0000;0.0004;0.0004;0.0004;0.0000;0.0090;0.0294
”»  π206;1353†;1244†;6†;6†;1244†;1†;0.0024;0.0032;0.0008;0.9688;0.0040;0.0008;0.0000;0.0000;0.0016;0.0000;0.0000;0.0000;0.0144;0.0032
”»  π207;1339†;1234†;7†;7†;1234†;0†;0.0016;0.0089;0.0000;0.9645;0.0040;0.0008;0.0000;0.0000;0.0016;0.0008;0.0000;0.0008;0.0056;0.0113
”»  π208;1490†;1383†;8†;8†;1383†;1†;0.0029;0.0093;0.0007;0.9648;0.0050;0.0000;0.0000;0.0007;0.0022;0.0014;0.0007;0.0000;0.0036;0.0079
”»  π209;1004†;931†;10†;10†;931†;0†;0.0032;0.0021;0.0000;0.9649;0.0096;0.0011;0.0000;0.0000;0.0011;0.0000;0.0011;0.0074;0.0096;0.0000
”»  π210;1960†;1830†;8†;8†;1830†;1†;0.0022;0.0076;0.0022;0.9635;0.0049;0.0000;0.0000;0.0005;0.0038;0.0016;0.0000;0.0005;0.0016;0.0109
”»  π211;2464†;2317†;14†;14†;2317†;0†;0.0026;0.0051;0.0004;0.9653;0.0060;0.0000;0.0004;0.0000;0.0056;0.0004;0.0009;0.0000;0.0077;0.0056
”»  π212;795†;738†;5†;5†;738†;0†;0.0000;0.0108;0.0000;0.9650;0.0040;0.0000;0.0000;0.0000;0.0027;0.0013;0.0013;0.0013;0.0108;0.0027
”»  π213;1467†;1365†;9†;9†;1365†;1†;0.0000;0.0066;0.0007;0.9636;0.0080;0.0007;0.0000;0.0000;0.0022;0.0015;0.0007;0.0000;0.0087;0.0066
”»  π214;1629†;1491†;11†;11†;1491†;0†;0.0013;0.0126;0.0000;0.9654;0.0093;0.0000;0.0000;0.0000;0.0000;0.0007;0.0000;0.0000;0.0040;0.0067
”»  π215;1592†;1477†;14†;14†;1477†;0†;0.0007;0.0141;0.0000;0.9651;0.0047;0.0007;0.0000;0.0000;0.0013;0.0020;0.0007;0.0000;0.0107;0.0000
”»  π216;2879†;2692†;11†;11†;2692†;3†;0.0026;0.0052;0.0000;0.9641;0.0067;0.0004;0.0000;0.0000;0.0063;0.0007;0.0000;0.0004;0.0052;0.0074
”»  π217;1973†;1856†;13†;13†;1856†;0†;0.0032;0.0064;0.0000;0.9652;0.0059;0.0000;0.0000;0.0005;0.0011;0.0005;0.0000;0.0005;0.0102;0.0064
”»  π218;2916†;2718†;9†;9†;2718†;0†;0.0004;0.0055;0.0011;0.9648;0.0084;0.0000;0.0004;0.0004;0.0040;0.0011;0.0004;0.0007;0.0062;0.0066
”»  π219;1806†;1695†;6†;6†;1695†;0†;0.0012;0.0094;0.0012;0.9653;0.0012;0.0006;0.0000;0.0000;0.0029;0.0006;0.0000;0.0000;0.0106;0.0071
”»  π220;2882†;2710†;11†;11†;2710†;1†;0.0029;0.0066;0.0015;0.9651;0.0026;0.0004;0.0000;0.0004;0.0011;0.0007;0.0004;0.0000;0.0062;0.0118
”»  π221;1804†;1660†;7†;7†;1660†;0†;0.0012;0.0090;0.0000;0.9652;0.0054;0.0000;0.0006;0.0000;0.0024;0.0006;0.0000;0.0006;0.0012;0.0138
”»  π222;2182†;2021†;10†;10†;2021†;0†;0.0034;0.0084;0.0000;0.9655;0.0094;0.0000;0.0000;0.0005;0.0005;0.0010;0.0000;0.0000;0.0034;0.0079
”»  π223;1488†;1403†;8†;8†;1403†;0†;0.0035;0.0035;0.0000;0.9653;0.0113;0.0000;0.0000;0.0000;0.0014;0.0007;0.0007;0.0000;0.0000;0.0135
”»  π452;700†;678†;0†;0†;678†;0†;0.0000;0.0088;0.0000;0.9646;0.0059;0.0015;0.0000;0.0000;0.0000;0.0015;0.0000;0.0015;0.0044;0.0118
”»  π453;1816†;1761†;0†;0†;1761†;1†;0.0011;0.0062;0.0011;0.9648;0.0045;0.0006;0.0000;0.0006;0.0028;0.0017;0.0006;0.0011;0.0068;0.0074
”»  π224;2441†;2362†;23†;23†;2362†;2†;0.0025;0.0088;0.0000;0.9577;0.0008;0.0004;0.0004;0.0000;0.0013;0.0000;0.0004;0.0000;0.0059;0.0210
”»  π225;649†;602†;6†;6†;602†;0†;0.0000;0.0082;0.0000;0.9572;0.0099;0.0000;0.0000;0.0000;0.0016;0.0000;0.0016;0.0000;0.0016;0.0197
”»  π226;2772†;2584†;17†;17†;2584†;2†;0.0027;0.0058;0.0000;0.9577;0.0062;0.0008;0.0000;0.0000;0.0019;0.0015;0.0004;0.0000;0.0073;0.0150
”»  π227;807†;770†;11†;11†;770†;0†;0.0013;0.0051;0.0000;0.9590;0.0090;0.0000;0.0000;0.0000;0.0013;0.0038;0.0000;0.0000;0.0013;0.0192
”»  π228;957†;894†;9†;9†;894†;0†;0.0033;0.0099;0.0000;0.9590;0.0089;0.0000;0.0000;0.0000;0.0022;0.0022;0.0000;0.0000;0.0022;0.0122
”»  π229;364†;337†;3†;3†;337†;0†;0.0000;0.0088;0.0000;0.9588;0.0118;0.0000;0.0000;0.0000;0.0000;0.0029;0.0000;0.0000;0.0000;0.0176
”»  π230;772†;717†;8†;8†;717†;0†;0.0000;0.0097;0.0000;0.9586;0.0083;0.0000;0.0000;0.0000;0.0014;0.0000;0.0000;0.0000;0.0041;0.0179
”»  π231;618†;579†;4†;4†;579†;1†;0.0017;0.0103;0.0000;0.9571;0.0034;0.0000;0.0000;0.0000;0.0017;0.0000;0.0000;0.0000;0.0000;0.0240
”»  π232;903†;862†;7†;7†;862†;0†;0.0000;0.0115;0.0000;0.9586;0.0046;0.0012;0.0000;0.0000;0.0035;0.0000;0.0000;0.0000;0.0023;0.0184
”»  π233;739†;692†;6†;6†;692†;0†;0.0000;0.0086;0.0000;0.9585;0.0100;0.0000;0.0000;0.0000;0.0014;0.0014;0.0000;0.0000;0.0014;0.0186
”»  π234;2682†;2510†;24†;24†;2510†;2†;0.0036;0.0067;0.0000;0.9574;0.0063;0.0000;0.0004;0.0000;0.0020;0.0000;0.0004;0.0000;0.0067;0.0158
”»  π235;530†;498†;3†;3†;498†;0†;0.0000;0.0140;0.0000;0.9581;0.0040;0.0000;0.0000;0.0000;0.0020;0.0000;0.0000;0.0000;0.0040;0.0180
”»  π236;140†;130†;2†;2†;130†;0†;0.0000;0.0076;0.0000;0.9621;0.0000;0.0000;0.0000;0.0000;0.0000;0.0000;0.0000;0.0000;0.0000;0.0303
”»  π237;950†;892†;10†;10†;892†;0†;0.0011;0.0099;0.0000;0.9590;0.0055;0.0000;0.0000;0.0000;0.0044;0.0033;0.0000;0.0000;0.0000;0.0166
”»  π238;274†;250†;6†;6†;250†;0†;0.0000;0.0117;0.0000;0.9570;0.0078;0.0000;0.0000;0.0000;0.0000;0.0039;0.0000;0.0000;0.0000;0.0195
”»  π239;739†;694†;3†;3†;694†;0†;0.0000;0.0115;0.0000;0.9584;0.0043;0.0000;0.0000;0.0000;0.0029;0.0000;0.0000;0.0000;0.0029;0.0201
”»  π240;417†;381†;8†;8†;381†;0†;0.0000;0.0077;0.0000;0.9589;0.0077;0.0000;0.0000;0.0000;0.0026;0.0000;0.0000;0.0000;0.0000;0.0231
”»  π241;346†;328†;2†;2†;328†;0†;0.0000;0.0121;0.0000;0.9576;0.0061;0.0000;0.0000;0.0000;0.0030;0.0030;0.0000;0.0000;0.0000;0.0182
”»  π242;743†;691†;5†;5†;691†;0†;0.0014;0.0101;0.0000;0.9583;0.0086;0.0000;0.0000;0.0000;0.0000;0.0000;0.0014;0.0000;0.0029;0.0172
”»  π243;705†;655†;5†;5†;655†;0†;0.0000;0.0061;0.0000;0.9591;0.0106;0.0000;0.0000;0.0000;0.0000;0.0000;0.0000;0.0000;0.0015;0.0227
”»  π244;562†;514†;6†;6†;514†;0†;0.0000;0.0058;0.0000;0.9596;0.0038;0.0000;0.0000;0.0000;0.0058;0.0000;0.0000;0.0000;0.0019;0.0231
”»  π245;193†;179†;1†;1†;179†;0†;0.0000;0.0111;0.0000;0.9611;0.0111;0.0000;0.0000;0.0000;0.0000;0.0000;0.0000;0.0000;0.0000;0.0167
”»  π246;584†;551†;5†;5†;551†;0†;0.0000;0.0054;0.0000;0.9586;0.0072;0.0000;0.0000;0.0000;0.0036;0.0018;0.0000;0.0000;0.0000;0.0234
”»  π247;686†;646†;4†;4†;646†;0†;0.0015;0.0108;0.0000;0.9585;0.0108;0.0000;0.0000;0.0000;0.0000;0.0015;0.0000;0.0000;0.0015;0.0154
”»  π248;144†;129†;2†;2†;129†;0†;0.0000;0.0153;0.0000;0.9618;0.0153;0.0000;0.0000;0.0000;0.0000;0.0000;0.0000;0.0000;0.0000;0.0076
”»  π249;2566†;2478†;17†;17†;2478†;1†;0.0044;0.0084;0.0000;0.9579;0.0076;0.0004;0.0000;0.0000;0.0008;0.0000;0.0008;0.0000;0.0072;0.0120
”»  π250;554†;506†;11†;11†;506†;0†;0.0000;0.0116;0.0000;0.9594;0.0097;0.0000;0.0000;0.0000;0.0000;0.0000;0.0000;0.0000;0.0019;0.0174
”»  π251;1172†;1095†;13†;13†;1095†;0†;0.0009;0.0045;0.0000;0.9585;0.0027;0.0000;0.0000;0.0000;0.0009;0.0009;0.0000;0.0000;0.0027;0.0289
”»  π252;812†;783†;10†;10†;783†;0†;0.0000;0.0025;0.0000;0.9584;0.0013;0.0000;0.0000;0.0000;0.0000;0.0000;0.0000;0.0000;0.0101;0.0277
”»  π253;1215†;1146†;6†;6†;1146†;1†;0.0035;0.0035;0.0000;0.9575;0.0017;0.0000;0.0000;0.0000;0.0017;0.0017;0.0000;0.0000;0.0078;0.0217
”»  π445;706†;654†;5†;5†;654†;0†;0.0015;0.0000;0.0000;0.9590;0.0030;0.0000;0.0000;0.0000;0.0000;0.0000;0.0015;0.0000;0.0015;0.0334
”»  π446;408†;376†;9†;9†;376†;0†;0.0000;0.0052;0.0000;0.9584;0.0130;0.0000;0.0000;0.0000;0.0000;0.0000;0.0000;0.0000;0.0078;0.0156
”»  π254;2055†;1964†;9†;9†;1964†;0†;0.0035;0.0096;0.0000;0.9366;0.0046;0.0000;0.0005;0.0000;0.0015;0.0005;0.0010;0.0020;0.0056;0.0345
”»  π255;1413†;1324†;6†;6†;1324†;2†;0.0038;0.0075;0.0000;0.9353;0.0053;0.0000;0.0000;0.0000;0.0008;0.0008;0.0000;0.0008;0.0060;0.0383
”»  π256;2314†;2193†;14†;14†;2193†;3†;0.0077;0.0104;0.0000;0.9352;0.0068;0.0009;0.0000;0.0000;0.0014;0.0009;0.0009;0.0009;0.0032;0.0304
”»  π257;851†;800†;7†;7†;800†;0†;0.0037;0.0099;0.0000;0.9368;0.0074;0.0000;0.0000;0.0000;0.0000;0.0000;0.0000;0.0012;0.0037;0.0372
”»  π258;781†;734†;5†;5†;734†;1†;0.0027;0.0068;0.0000;0.9350;0.0054;0.0000;0.0000;0.0000;0.0000;0.0027;0.0000;0.0014;0.0054;0.0392
”»  π259;1563†;1487†;3†;3†;1487†;1†;0.0060;0.0087;0.0000;0.9362;0.0081;0.0000;0.0007;0.0000;0.0007;0.0000;0.0013;0.0013;0.0054;0.0309
”»  π260;1839†;1773†;10†;10†;1773†;0†;0.0062;0.0107;0.0000;0.9372;0.0045;0.0000;0.0000;0.0000;0.0011;0.0017;0.0000;0.0017;0.0050;0.0320
”»  π261;2688†;2542†;14†;14†;2542†;4†;0.0043;0.0074;0.0008;0.9746;0.0031;0.0000;0.0000;0.0000;0.0000;0.0012;0.0000;0.0008;0.0035;0.0027
”»  π262;2751†;2588†;15†;15†;2588†;2†;0.0065;0.0061;0.0008;0.9754;0.0019;0.0000;0.0000;0.0004;0.0004;0.0000;0.0004;0.0000;0.0031;0.0042
”»  π263;2851†;2673†;14†;14†;2673†;0†;0.0030;0.0086;0.0015;0.9762;0.0015;0.0000;0.0000;0.0000;0.0000;0.0007;0.0004;0.0000;0.0019;0.0063
”»  π264;2507†;2382†;9†;9†;2382†;3†;0.0025;0.0088;0.0013;0.9749;0.0004;0.0000;0.0000;0.0000;0.0008;0.0000;0.0000;0.0000;0.0000;0.0100
”»  π265;2423†;2283†;11†;11†;2283†;2†;0.0022;0.0083;0.0009;0.9752;0.0009;0.0000;0.0000;0.0000;0.0004;0.0009;0.0009;0.0004;0.0031;0.0061
”»  π266;2357†;2212†;5†;5†;2212†;4†;0.0032;0.0104;0.0005;0.9743;0.0014;0.0000;0.0000;0.0000;0.0009;0.0005;0.0000;0.0000;0.0027;0.0045
”»  π267;2627†;2469†;8†;8†;2469†;2†;0.0024;0.0085;0.0020;0.9754;0.0008;0.0000;0.0004;0.0000;0.0000;0.0004;0.0000;0.0000;0.0020;0.0073
”»  π268;2522†;2384†;13†;13†;2384†;0†;0.0063;0.0058;0.0013;0.9762;0.0013;0.0000;0.0000;0.0000;0.0004;0.0004;0.0000;0.0000;0.0013;0.0071
”»  π269;2441†;2264†;7†;7†;2264†;1†;0.0022;0.0119;0.0013;0.9758;0.0004;0.0000;0.0000;0.0000;0.0000;0.0004;0.0000;0.0004;0.0022;0.0048
”»  π270;2573†;2413†;18†;18†;2413†;0†;0.0016;0.0119;0.0016;0.9761;0.0004;0.0004;0.0000;0.0000;0.0008;0.0000;0.0004;0.0004;0.0033;0.0029
”»  π271;2600†;2454†;9†;9†;2454†;0†;0.0020;0.0093;0.0012;0.9765;0.0008;0.0000;0.0000;0.0000;0.0000;0.0000;0.0000;0.0004;0.0028;0.0069
”»  π272;1008†;938†;3†;3†;938†;0†;0.0021;0.0106;0.0011;0.9756;0.0000;0.0000;0.0000;0.0000;0.0000;0.0000;0.0000;0.0000;0.0011;0.0096
”»  π273;1408†;1313†;5†;5†;1313†;0†;0.0015;0.0106;0.0008;0.9757;0.0015;0.0000;0.0000;0.0000;0.0000;0.0000;0.0000;0.0008;0.0015;0.0076
”»  π274;2219†;2092†;10†;10†;2092†;0†;0.0057;0.0057;0.0014;0.9762;0.0014;0.0000;0.0000;0.0000;0.0000;0.0000;0.0000;0.0000;0.0033;0.0062
”»  π275;1730†;1617†;14†;14†;1617†;1†;0.0012;0.0080;0.0012;0.9755;0.0000;0.0000;0.0000;0.0000;0.0006;0.0006;0.0006;0.0000;0.0037;0.0080
”»  π276;1651†;1554†;6†;6†;1554†;0†;0.0019;0.0103;0.0013;0.9763;0.0000;0.0006;0.0000;0.0000;0.0000;0.0000;0.0000;0.0000;0.0019;0.0077
”»  π277;1649†;1563†;9†;9†;1563†;2†;0.0019;0.0089;0.0000;0.9746;0.0000;0.0000;0.0000;0.0000;0.0006;0.0000;0.0000;0.0000;0.0038;0.0089
”»  π278;1459†;1387†;4†;4†;1387†;3†;0.0029;0.0108;0.0014;0.9741;0.0000;0.0000;0.0000;0.0000;0.0000;0.0000;0.0000;0.0007;0.0007;0.0072
”»  π279;1447†;1354†;10†;10†;1354†;0†;0.0022;0.0103;0.0007;0.9758;0.0000;0.0000;0.0007;0.0000;0.0000;0.0007;0.0000;0.0000;0.0007;0.0088
”»  π280;1201†;1150†;2†;2†;1150†;0†;0.0026;0.0130;0.0000;0.9766;0.0000;0.0000;0.0000;0.0009;0.0026;0.0000;0.0000;0.0000;0.0017;0.0026
”»  π281;1075†;1011†;1†;1†;1011†;0†;0.0020;0.0109;0.0000;0.9763;0.0000;0.0000;0.0000;0.0000;0.0000;0.0000;0.0000;0.0010;0.0020;0.0079
”»  π282;2157†;2027†;7†;7†;2027†;1†;0.0020;0.0084;0.0005;0.9754;0.0015;0.0000;0.0005;0.0000;0.0010;0.0000;0.0005;0.0000;0.0034;0.0064
”»  π283;2847†;2698†;12†;12†;2698†;4†;0.0026;0.0096;0.0015;0.9745;0.0026;0.0000;0.0000;0.0000;0.0007;0.0000;0.0000;0.0000;0.0018;0.0052
”»  π284;2904†;2710†;20†;20†;2710†;2†;0.0018;0.0066;0.0026;0.9751;0.0015;0.0000;0.0000;0.0000;0.0000;0.0004;0.0000;0.0000;0.0033;0.0081
”»  π285;1253†;1182†;5†;5†;1182†;0†;0.0017;0.0118;0.0008;0.9756;0.0034;0.0000;0.0000;0.0008;0.0000;0.0000;0.0000;0.0000;0.0025;0.0034
”»  π286;2212†;2108†;3†;3†;2108†;2†;0.0033;0.0081;0.0009;0.9749;0.0033;0.0000;0.0000;0.0000;0.0005;0.0000;0.0000;0.0005;0.0009;0.0066
”»  π287;1367†;1281†;8†;8†;1281†;0†;0.0016;0.0109;0.0008;0.9760;0.0000;0.0000;0.0000;0.0000;0.0000;0.0000;0.0000;0.0000;0.0054;0.0054
”»  π288;1590†;1495†;7†;7†;1495†;0†;0.0033;0.0060;0.0007;0.9740;0.0013;0.0000;0.0007;0.0000;0.0007;0.0000;0.0000;0.0000;0.0040;0.0093
”»  π289;1434†;1332†;4†;4†;1332†;2†;0.0030;0.0052;0.0007;0.9746;0.0007;0.0000;0.0000;0.0000;0.0000;0.0000;0.0007;0.0007;0.0030;0.0097
”»  π290;982†;928†;3†;3†;928†;0†;0.0011;0.0097;0.0032;0.9764;0.0011;0.0000;0.0000;0.0000;0.0000;0.0000;0.0000;0.0000;0.0021;0.0064
”»  π291;1419†;1339†;2†;2†;1339†;0†;0.0015;0.0104;0.0022;0.9761;0.0000;0.0000;0.0000;0.0000;0.0000;0.0007;0.0000;0.0000;0.0037;0.0052
”»  π434;1385†;1309†;5†;5†;1309†;0†;0.0015;0.0084;0.0015;0.9764;0.0000;0.0000;0.0000;0.0000;0.0015;0.0000;0.0000;0.0008;0.0023;0.0076
”»  π447;1516†;1421†;4†;4†;1421†;2†;0.0014;0.0063;0.0014;0.9747;0.0000;0.0007;0.0000;0.0000;0.0000;0.0007;0.0007;0.0000;0.0049;0.0077
”»  π448;1163†;1094†;6†;6†;1094†;0†;0.0009;0.0109;0.0009;0.9764;0.0000;0.0000;0.0000;0.0000;0.0000;0.0000;0.0000;0.0009;0.0027;0.0073
”»  π454;1493†;1490†;0†;0†;1490†;1†;0.0020;0.0101;0.0007;0.9752;0.0020;0.0000;0.0000;0.0000;0.0007;0.0007;0.0000;0.0000;0.0034;0.0047
”»  π464;160†;152†;0†;0†;152†;0†;0.0000;0.0132;0.0000;0.9737;0.0000;0.0000;0.0000;0.0000;0.0000;0.0000;0.0000;0.0000;0.0000;0.0132
”»  π292;828†;792†;6†;6†;792†;1†;0.0000;0.0088;0.0000;0.9549;0.0100;0.0013;0.0000;0.0000;0.0013;0.0013;0.0013;0.0000;0.0038;0.0163
”»  π293;1607†;1517†;10†;10†;1517†;3†;0.0020;0.0092;0.0013;0.9542;0.0059;0.0000;0.0007;0.0000;0.0013;0.0013;0.0000;0.0000;0.0046;
”»  π294;1400†;1332†;9†;9†;1332†;0†;0.0030;0.0089;0.0015;0.9560;0.0075;0.0000;0.0000;0.0000;0.0015;0.0000;0.0000;0.0000;0.0037;
”»  π295;2254†;2153†;14†;14†;2153†;2†;0.0014;0.0125;0.0014;0.9543;0.0078;0.0005;0.0000;0.0000;0.0014;0.0005;0.0009;0.0000;0.0028;
”»  π296;2997†;2872†;13†;13†;2872†;4†;0.0017;0.0087;0.0024;0.9546;0.0042;0.0003;0.0000;0.0003;0.0014;0.0007;0.0003;0.0000;0.0021;
”»  π297;1725†;1648†;11†;11†;1648†;0†;0.0006;0.0066;0.0012;0.9560;0.0084;0.0000;0.0000;0.0000;0.0030;0.0000;0.0000;0.0000;0.0048;
”»  π298;2760†;2580†;5†;5†;2580†;0†;0.0019;0.0074;0.0012;0.9559;0.0081;0.0004;0.0004;0.0000;0.0027;0.0000;0.0004;0.0000;0.0035;
”»  π299;2109†;1996†;8†;8†;1996†;0†;0.0030;0.0150;0.0005;0.9556;0.0140;0.0000;0.0000;0.0000;0.0015;0.0005;0.0000;0.0000;0.0005;
”»  π300;2112†;2028†;4†;4†;2028†;0†;0.0015;0.0138;0.0010;0.9557;0.0074;0.0000;0.0000;0.0000;0.0030;0.0005;0.0000;0.0000;0.0044;
”»  π301;2631†;2527†;15†;15†;2527†;1†;0.0020;0.0055;0.0043;0.9552;0.0067;0.0008;0.0000;0.0000;0.0016;0.0000;0.0000;0.0000;0.0031;
”»  π302;2792†;2640†;11†;11†;2640†;0†;0.0026;0.0121;0.0023;0.9559;0.0053;0.0000;0.0004;0.0000;0.0026;0.0004;0.0004;0.0000;0.0038;
”»  π303;2477†;2384†;9†;9†;2384†;0†;0.0008;0.0167;0.0033;0.9557;0.0033;0.0000;0.0000;0.0000;0.0033;0.0008;0.0004;0.0000;0.0008;
”»  π304;2006†;1886†;6†;6†;1886†;0†;0.0011;0.0122;0.0016;0.9556;0.0042;0.0005;0.0000;0.0000;0.0005;0.0011;0.0000;0.0000;0.0074;
”»  π305;783†;734†;1†;1†;734†;0†;0.0041;0.0109;0.0000;0.9565;0.0122;0.0000;0.0000;0.0000;0.0027;0.0000;0.0000;0.0000;0.0000;
”»  π306;1305†;1224†;3†;3†;1224†;0†;0.0016;0.0081;0.0049;0.9560;0.0065;0.0000;0.0000;0.0000;0.0024;0.0008;0.0016;0.0000;0.0008;
”»  π307;1505†;1420†;7†;7†;1420†;0†;0.0007;0.0098;0.0035;0.9559;0.0056;0.0000;0.0000;0.0000;0.0021;0.0007;0.0000;0.0000;0.0014;
”»  π308;1514†;1445†;5†;5†;1445†;0†;0.0021;0.0117;0.0034;0.9559;0.0028;0.0000;0.0000;0.0007;0.0000;0.0007;0.0007;0.0000;0.0034;
”»  π309;1994†;1892†;10†;10†;1892†;2†;0.0016;0.0099;0.0037;0.9548;0.0047;0.0000;0.0000;0.0000;0.0021;0.0005;0.0005;0.0000;0.0068;
”»  π310;1920†;1849†;12†;12†;1849†;2†;0.0032;0.0107;0.0021;0.9549;0.0032;0.0000;0.0000;0.0000;0.0027;0.0005;0.0000;0.0000;0.0091;
”»  π311;1850†;1782†;9†;9†;1782†;0†;0.0011;0.0223;0.0022;0.9559;0.0017;0.0000;0.0000;0.0000;0.0011;0.0006;0.0006;0.0000;0.0089;
”»  π312;1614†;1525†;5†;5†;1525†;0†;0.0020;0.0242;0.0020;0.9556;0.0020;0.0000;0.0000;0.0000;0.0013;0.0007;0.0000;0.0000;0.0046;
”»  π313;1123†;1070†;12†;12†;1070†;0†;0.0018;0.0139;0.0009;0.9566;0.0000;0.0000;0.0000;0.0000;0.0037;0.0000;0.0009;0.0000;0.0102;
”»  π314;2139†;2016†;1†;1†;2016†;0†;0.0020;0.0134;0.0030;0.9559;0.0035;0.0000;0.0000;0.0000;0.0005;0.0005;0.0000;0.0000;0.0064;
”»  π315;2859†;2730†;8†;8†;2730†;3†;0.0004;0.0117;0.0026;0.9547;0.0029;0.0004;0.0000;0.0000;0.0033;0.0011;0.0000;0.0000;0.0077;
”»  π316;1193†;1113†;4†;4†;1113†;0†;0.0018;0.0233;0.0018;0.9561;0.0027;0.0000;0.0000;0.0000;0.0009;0.0009;0.0009;0.0000;0.0090;
”»  π449;1487†;1419†;1†;1†;1419†;0†;0.0014;0.0155;0.0021;0.9556;0.0000;0.0000;0.0007;0.0000;0.0014;0.0007;0.0000;0.0000;0.0092;
”»  π455;2311†;2311†;0†;0†;2311†;0†;0.0017;0.0125;0.0026;0.9559;0.0039;0.0004;0.0000;0.0000;0.0022;0.0013;0.0000;0.0000;0.0074;
”»  π317;171†;161†;7†;7†;161†;1†;0.0060;0.0536;0.0060;0.7917;0.0357;0.0000;0.0000;0.0000;0.0119;0.0060;0.0060;0.0119;0.0417;0.0238
”»  π318;28†;24†;2†;2†;24†;1†;0.0385;0.0385;0.0000;0.6538;0.0769;0.0000;0.0000;0.0000;0.0385;0.0000;0.0000;0.0385;0.0385;0.0385
”»  π319;100†;84†;8†;8†;84†;1†;0.0109;0.0435;0.0000;0.7500;0.0326;0.0000;0.0000;0.0000;0.0217;0.0217;0.0109;0.0000;0.0326;0.0652
”»  π320;304†;290†;9†;9†;290†;1†;0.0134;0.0334;0.0033;0.8060;0.0635;0.0033;0.0033;0.0000;0.0100;0.0033;0.0033;0.0067;0.0368;0.0100
”»  π321;52†;46†;3†;3†;46†;1†;0.0204;0.0204;0.0000;0.7959;0.0408;0.0000;0.0000;0.0000;0.0204;0.0204;0.0000;0.0000;0.0408;0.0204
”»  π322;27†;23†;2†;2†;23†;1†;0.0400;0.0000;0.0000;0.7200;0.0400;0.0000;0.0000;0.0000;0.0400;0.0400;0.0400;0.0000;0.0400;0.0000
”»  π323;31†;27†;1†;1†;27†;0†;0.0000;0.0357;0.0000;0.8571;0.0357;0.0000;0.0000;0.0000;0.0000;0.0357;0.0000;0.0000;0.0357;0.0000
”»  π324;42†;37†;3†;3†;37†;0†;0.0250;0.0250;0.0000;0.8500;0.0250;0.0000;0.0000;0.0000;0.0250;0.0000;0.0000;0.0000;0.0250;0.0250
”»  π325;115†;105†;7†;7†;105†;1†;0.0179;0.0179;0.0000;0.7946;0.0179;0.0000;0.0000;0.0000;0.0268;0.0089;0.0089;0.0179;0.0268;0.0536
”»  π326;20†;16†;3†;3†;16†;0†;0.0000;0.0526;0.0000;0.7368;0.0526;0.0000;0.0000;0.0000;0.0526;0.0000;0.0000;0.0000;0.0526;0.0526
”»  π327;355†;342†;9†;9†;342†;1†;0.0114;0.0456;0.0000;0.8063;0.0313;0.0000;0.0000;0.0000;0.0085;0.0028;0.0028;0.0085;0.0513;0.0285
”»  π328;379†;354†;6†;6†;354†;1†;0.0083;0.0306;0.0028;0.8083;0.0361;0.0028;0.0000;0.0000;0.0028;0.0028;0.0028;0.0028;0.0639;0.0333
”»  π329;186†;179†;5†;5†;179†;0†;0.0109;0.0435;0.0000;0.7065;0.0652;0.0000;0.0054;0.0000;0.0109;0.0054;0.0054;0.0054;0.0924;0.0489
”»  π330;1310†;1183†;17†;17†;1183†;1†;0.0033;0.0317;0.0000;0.9483;0.0017;0.0008;0.0000;0.0000;0.0017;0.0000;0.0008;0.0000;0.0017;0.0092
”»  π331;643†;594†;8†;8†;594†;1†;0.0033;0.0365;0.0017;0.9302;0.0066;0.0000;0.0000;0.0017;0.0017;0.0000;0.0000;0.0000;0.0017;0.0150
”»  π332;321†;294†;3†;3†;294†;1†;0.0034;0.0370;0.0034;0.9158;0.0067;0.0000;0.0000;0.0000;0.0034;0.0000;0.0034;0.0000;0.0101;0.0135
”»  π333;341†;311†;7†;7†;311†;1†;0.0094;0.0503;0.0000;0.8899;0.0094;0.0031;0.0000;0.0000;0.0031;0.0000;0.0031;0.0000;0.0063;0.0220
”»  π334;268†;246†;5†;5†;246†;0†;0.0080;0.0398;0.0040;0.9163;0.0040;0.0000;0.0000;0.0000;0.0040;0.0040;0.0040;0.0000;0.0040;0.0120
”»  π335;184†;168†;4†;4†;168†;0†;0.0058;0.0407;0.0058;0.9070;0.0116;0.0000;0.0000;0.0000;0.0058;0.0058;0.0000;0.0000;0.0058;0.0116
”»  π336;720†;665†;9†;9†;665†;1†;0.0045;0.0208;0.0000;0.9555;0.0045;0.0000;0.0000;0.0015;0.0015;0.0000;0.0015;0.0000;0.0030;0.0059
”»  π337;212†;193†;5†;5†;193†;0†;0.0051;0.0101;0.0051;0.9545;0.0051;0.0000;0.0000;0.0000;0.0051;0.0051;0.0000;0.0000;0.0051;0.0051
”»  π338;1076†;991†;15†;15†;991†;1†;0.0020;0.0249;0.0000;0.9473;0.0030;0.0000;0.0010;0.0000;0.0020;0.0000;0.0010;0.0000;0.0030;0.0149
”»  π339;266†;251†;2†;2†;251†;0†;0.0040;0.0158;0.0040;0.9526;0.0040;0.0000;0.0000;0.0000;0.0040;0.0040;0.0000;0.0000;0.0040;0.0079
”»  π340;340†;317†;3†;3†;317†;1†;0.0063;0.0094;0.0000;0.9500;0.0063;0.0031;0.0000;0.0000;0.0063;0.0000;0.0031;0.0000;0.0063;0.0063
”»  π341;462†;420†;7†;7†;420†;1†;0.0070;0.0117;0.0023;0.9508;0.0070;0.0000;0.0000;0.0000;0.0023;0.0023;0.0000;0.0000;0.0070;0.0070
”»  π342;386†;347†;9†;9†;347†;1†;0.0056;0.0084;0.0000;0.9579;0.0056;0.0000;0.0000;0.0028;0.0000;0.0000;0.0028;0.0000;0.0028;0.0112
”»  π343;323†;304†;4†;4†;304†;0†;0.0097;0.0162;0.0032;0.9448;0.0032;0.0000;0.0000;0.0000;0.0032;0.0032;0.0000;0.0000;0.0065;0.0097
”»  π344;142†;127†;3†;3†;127†;0†;0.0077;0.0231;0.0000;0.9385;0.0000;0.0000;0.0000;0.0000;0.0000;0.0077;0.0077;0.0000;0.0077;0.0077
”»  π345;234†;210†;7†;7†;210†;0†;0.0092;0.0092;0.0000;0.9447;0.0092;0.0000;0.0000;0.0046;0.0046;0.0000;0.0046;0.0000;0.0046;0.0092
”»  π346;131†;119†;4†;4†;119†;0†;0.0081;0.0163;0.0000;0.9512;0.0081;0.0000;0.0000;0.0000;0.0000;0.0081;0.0000;0.0000;0.0000;0.0081
”»  π456;2930†;2929†;0†;0†;2929†;1†;0.0007;0.0406;0.0000;0.9437;0.0003;0.0000;0.0003;0.0000;0.0003;0.0000;0.0003;0.0000;0.0003;0.0130
”»  π347;385†;361†;3†;3†;361†;0†;0.0055;0.0165;0.0027;0.9560;0.0027;0.0000;0.0000;0.0000;0.0027;0.0000;0.0000;0.0000;0.0027;0.0110
”»  π348;1112†;1052†;7†;7†;1052†;1†;0.0038;0.0161;0.0057;0.9575;0.0028;0.0000;0.0009;0.0000;0.0000;0.0009;0.0019;0.0000;0.0019;0.0076
”»  π349;1039†;970†;6†;6†;970†;0†;0.0072;0.0184;0.0010;0.9580;0.0010;0.0000;0.0000;0.0000;0.0020;0.0020;0.0000;0.0010;0.0020;0.0072
”»  π350;1375†;1301†;8†;8†;1301†;1†;0.0023;0.0138;0.0053;0.9572;0.0053;0.0008;0.0000;0.0000;0.0015;0.0008;0.0008;0.0000;0.0031;0.0084
”»  π351;1482†;1389†;9†;9†;1389†;1†;0.0057;0.0107;0.0043;0.9571;0.0036;0.0000;0.0000;0.0007;0.0036;0.0007;0.0000;0.0007;0.0000;0.0122
”»  π352;1333†;1239†;11†;11†;1239†;0†;0.0008;0.0312;0.0000;0.9576;0.0008;0.0000;0.0000;0.0000;0.0008;0.0008;0.0008;0.0000;0.0016;0.0056
”»  π353;1377†;1301†;11†;11†;1301†;2†;0.0015;0.0191;0.0030;0.9566;0.0038;0.0000;0.0000;0.0000;0.0015;0.0015;0.0008;0.0008;0.0000;0.0099
”»  π354;555†;522†;4†;4†;522†;0†;0.0019;0.0266;0.0000;0.9563;0.0038;0.0000;0.0000;0.0000;0.0000;0.0000;0.0000;0.0000;0.0019;0.0095
”»  π355;1597†;1488†;12†;12†;1488†;1†;0.0013;0.0220;0.0007;0.9573;0.0013;0.0007;0.0000;0.0000;0.0020;0.0007;0.0000;0.0000;0.0020;0.0113
”»  π356;2252†;2130†;15†;15†;2130†;1†;0.0028;0.0182;0.0019;0.9571;0.0023;0.0000;0.0005;0.0005;0.0014;0.0005;0.0009;0.0009;0.0014;0.0112
”»  π357;2223†;2075†;13†;13†;2075†;1†;0.0005;0.0206;0.0010;0.9569;0.0057;0.0005;0.0000;0.0005;0.0014;0.0005;0.0000;0.0000;0.0000;0.0120
”»  π358;2447†;2311†;11†;11†;2311†;1†;0.0056;0.0168;0.0022;0.9574;0.0034;0.0000;0.0004;0.0009;0.0013;0.0004;0.0000;0.0004;0.0000;0.0108
”»  π359;1898†;1791†;8†;8†;1791†;2†;0.0011;0.0322;0.0000;0.9566;0.0000;0.0000;0.0000;0.0000;0.0011;0.0006;0.0011;0.0000;0.0000;0.0061
”»  π360;1023†;961†;4†;4†;961†;1†;0.0010;0.0145;0.0021;0.9565;0.0031;0.0000;0.0000;0.0000;0.0021;0.0000;0.0000;0.0000;0.0000;0.0197
”»  π361;815†;779†;2†;2†;779†;0†;0.0000;0.0154;0.0013;0.9577;0.0026;0.0000;0.0000;0.0000;0.0000;0.0000;0.0000;0.0000;0.0038;0.0192
”»  π362;1221†;1135†;3†;3†;1135†;1†;0.0070;0.0149;0.0044;0.9569;0.0026;0.0000;0.0000;0.0000;0.0018;0.0018;0.0000;0.0000;0.0000;0.0097
”»  π363;1355†;1284†;5†;5†;1284†;0†;0.0008;0.0070;0.0039;0.9581;0.0171;0.0000;0.0000;0.0000;0.0000;0.0008;0.0000;0.0000;0.0016;0.0109
”»  π364;1340†;1261†;3†;3†;1261†;1†;0.0055;0.0150;0.0055;0.9573;0.0024;0.0000;0.0000;0.0000;0.0000;0.0016;0.0000;0.0008;0.0047;0.0063
”»  π365;389†;371†;1†;1†;371†;0†;0.0000;0.0161;0.0054;0.9570;0.0054;0.0000;0.0000;0.0000;0.0000;0.0081;0.0027;0.0000;0.0000;0.0054
”»  π366;648†;606†;3†;3†;606†;0†;0.0016;0.0197;0.0016;0.9573;0.0000;0.0000;0.0000;0.0000;0.0000;0.0000;0.0016;0.0016;0.0000;0.0164
”»  π367;1354†;1279†;10†;10†;1279†;1†;0.0000;0.0303;0.0016;0.9573;0.0000;0.0000;0.0000;0.0000;0.0016;0.0016;0.0000;0.0000;0.0000;0.0070
”»  π368;2325†;2178†;16†;16†;2178†;1†;0.0000;0.0278;0.0014;0.9567;0.0005;0.0005;0.0000;0.0005;0.0014;0.0009;0.0005;0.0005;0.0005;0.0087
”»  π369;190†;179†;4†;4†;179†;0†;0.0000;0.0164;0.0055;0.9617;0.0000;0.0000;0.0000;0.0000;0.0000;0.0055;0.0000;0.0000;0.0000;0.0109
”»  π370;388†;359†;6†;6†;359†;0†;0.0027;0.0274;0.0027;0.9589;0.0000;0.0000;0.0000;0.0000;0.0000;0.0000;0.0000;0.0000;0.0000;0.0082
”»  π457;750†;740†;0†;0†;740†;1†;0.0000;0.0257;0.0027;0.9568;0.0000;0.0000;0.0000;0.0000;0.0000;0.0014;0.0014;0.0000;0.0000;0.0108
”»  π458;852†;841†;0†;0†;841†;0†;0.0024;0.0238;0.0024;0.9584;0.0000;0.0012;0.0000;0.0000;0.0024;0.0000;0.0000;0.0000;0.0012;0.0083
